英文,詞性,中文,級別
a/an,art.,一個；一（冠詞）,1
ability,n.,能力,1
able,adj.,能幹的,1
about,prep./adv.,在...周圍,1
above,prep./adv./adj.,在上方,1
abroad,adv.,往國外,1
across,prep./adv.,越過,1
act,n./v.,行動,1
action,n.,行動,1
actor/actress,n.,男演員/女演員,1
add,v.,增加,1
afraid,adj.,害怕的,1
after,prep./conj./adv.,在...之後,1
afternoon,n.,午後,1
again,adv.,再一次,1
age,n./v.,年齡,1
ago,adv.,以前,1
agree(ment),v./(n.),同意,1
air,n.,空氣,1
airplane/plane,n.,飛機,1
airport,n.,飛機場,1
all,adj./adv./pron./n.,所有的,1
allow,v.,允許,1
almost,adv.,幾乎,1
along,prep./adv.,平行地,1
already,adv.,已經,1
also,adv.,也,1
although,conj.,雖然,1
always,adv.,總是,1
am/a.m.,adv.,上午,1
and,conj.,和,1
angry,adj.,生氣的,1
animal,n.,動物,1
another,adj./pron.,另外的,1
answer,n./v.,答案,1
ant,n.,螞蟻,1
any,pron./adj./adv.,任何的,1
anybody/anyone,pron.,任何人,1
anything,pron.,任何事,1
apartment,n.,房間,1
appear,v.,出現,1
apple,n.,蘋果,1
area,n.,區域,1
arm,n./v.,手臂,1
around,prep./adv.,包圍,1
arrive,v.,到達,1
art,n.,藝術,1
as,conj./adv./prep.,同樣地,1
ask,v.,問,1
at,prep.,在,1
attack,n./v.,攻擊,1
aunt,n.,阿姨,1
away,adv.,離去,1
baby,n.,嬰孩,1
back,adv./n./v./adj.,後面的,1
bad,adj.,壞的,1
bag,n.,袋子,1
ball,n./v.,球,1
banana,n.,香蕉,1
band,n.,帶子,1
bank,n./v.,銀行,1
baseball,n.,棒球,1
basket,n.,籃,1
basketball,n.,籃球,1
bat,n./v.,蝙蝠,1
bath,n.,沐浴,1
bathroom,n.,浴室,1
be,v./aux.,是,1
beach,n./v.,海灘,1
bean,n.,豆子,1
bear,v./n.,熊,1
beautiful,adj.,美麗的,1
because,conj.,因為,1
become,v.,變成,1
bed,n.,床,1
bedroom,n.,臥室,1
bee,n.,蜜蜂,1
beef,n.,牛肉,1
before,prep./conj./adv.,在...之前,1
begin,v.,開始,1
behind,prep./adv.,在……後面,1
believe,v.,相信,1
bell,n.,鈴,1
belong,v.,屬於,1
below,adv./prep.,在下面,1
belt,n./v.,帶子,1
bench,n.,長椅子,1
beside,prep.,在旁邊,1
best,adj./adv./v./n.,最好的,1
between,prep./adv.,在...之間,1
bicycle/bike,n.,腳踏車,1
big,adj.,大的,1
bird,n.,鳥,1
bite,n./v.,咬,1
black,adj./n.,黑色,1
blind,adj./v.,失明的；盲目的,1
block,n./v.,街區,1
blow,v.,吹,1
blue,adj./n.,藍色,1
boat,n.,船,1
body,n.,身體,1
book,n./v.,書,1
bored,adj.,感到無聊的,1
boring,adj.,無聊的,1
born,adj.,天生的,1
borrow,v.,借,1
boss,n./v.,老板,1
both,pron./adv./adj.,兩者的,1
bottle,n./v.,瓶子,1
bottom,n./adj./v.,底部,1
bow,n./v.,弓,1
bowl,n.,碗,1
box,n./v.,盒子,1
boy,n.,男孩,1
brave,adj.,勇敢的,1
bread,n.,面包,1
break,n./v.,休息,1
breakfast,n./v.,早餐,1
bridge,n./v.,橋,1
bright,adj./adv.,明亮的,1
bring,v.,帶來,1
brother,n.,兄弟,1
brown,adj./v./n.,褐色,1
bug,n./v.,錯誤,1
build,v.,建立,1
bus,n.,公共汽車,1
business,n.,生意,1
busy,adj.,忙碌的,1
but,conj./prep./adv.,除了,1
butter,n./v.,奶油,1
butterfly,n.,蝴蝶,1
button,n./v.,鈕扣,1
buy,v./n.,買,1
by,prep./adv.,被,1
cake,n.,蛋糕,1
call,v./n.,呼叫,1
camera,n.,照相機,1
camp,n./v.,露營,1
can,aux./n./v.,能；可以,1
cap,n./v.,蓋子,1
car,n.,汽車,1
card,n.,卡片,1
care,n./v.,小心,1
careful,adj.,小心的,1
carrot,n.,胡蘿卜,1
carry,v.,進位,1
case,n./v.,情形,1
cat,n.,貓,1
catch,v./n.,捕捉,1
celebrate,v.,慶祝,1
cellphone,n.,蜂窩式便攜無線電話,1
cent,n.,分,1
center,n.,中心,1
certain,adj./pron.,確定的,1
chair,n./v.,椅子,1
chance,n./v.,機會,1
change,n./v.,變化,1
cheap,adj./adv.,便宜的,1
check,v./n.,檢查,1
cheese,n.,乳酪,1
chicken,n.,小雞,1
child,n.,孩子,1
chocolate,n.,巧克力,1
choice,n./adj.,選擇,1
choose,v.,選擇,1
church,n.,教堂,1
circle,n./v.,圓周,1
city,n.,城市,1
class,n./v.,班級,1
clean,adj./v./adv./n.,幹淨的,1
clear,adj./v./adv.,清楚的,1
clerk,n.,辦事員,1
climb,v./n.,攀登,1
clock,n.,時鍾,1
close,adj./adv./v./n.,關閉；靠近的,1
clothes,n.,衣服,1
cloud,n.,雲,1
club,n./v.,俱樂部,1
coat,n./v.,外套,1
coffee,n.,咖啡,1
cold,adj./n.,感冒,1
collect,v.,收集,1
color,n./v.,顏色,1
come,v.,過來,1
comfortable,adj.,舒服的,1
common,adj./n.,常見的；共同的,1
computer,n.,電腦,1
convenient,adj.,方便的,1
cook,v./n.,廚子,1
cookie,n.,餅幹,1
cool,adj./v./n.,涼爽,1
copy,n./v.,副本,1
corner,n.,角落,1
correct,adj./v.,正確的,1
cost,n./v.,代價,1
couch,n./v.,長沙發,1
count,v./n.,計算,1
country,n.,國家,1
course,n./v.,課程,1
cousin,n.,堂兄弟姊妹,1
cover,v./n.,蓋子,1
cow,n.,母牛,1
crazy,adj.,發狂的,1
cross,n./v.,十字架,1
cry,v./n.,叫聲,1
cup,n.,杯子,1
cut,v./n.,切口,1
cute,adj.,可愛的,1
dance,n./v.,跳舞,1
dangerous,adj.,危險的,1
dark,adj./n.,黑暗,1
date,n./v.,日期,1
daughter,n.,女兒,1
day,n.,天,1
dead,adj.,死的,1
deal,n./v.,交易,1
dear,adj./n./adv.,親愛的人,1
death,n.,死亡,1
decide,v.,決定,1
deep,adj./adv.,深的,1
define,v.,定義,1
desk,n.,書桌,1
dictionary,n.,字典,1
die,v.,死亡,1
different,adj.,不同的,1
difficult,adj.,困難的,1
dig,v./n.,挖,1
dinner,n.,晚餐,1
dirty,adj./v.,骯髒的,1
dish,n./v.,盤子,1
do,aux./v.,做,1
doctor/doc,n.,醫生,1
dog,n.,狗,1
doll,n.,洋娃娃,1
dollar,n.,美元,1
door,n.,門,1
down,adv./prep./adj./n./v.,向下的,1
dozen,n.,打,1
draw,v./n.,拉,1
dream,n./v.,夢,1
dress,n./v.,服裝,1
drink,v./n.,飲料,1
drive,v./n.,駕車,1
driver,n.,駕駛員,1
drop,v./n.,滴,1
drum,n./v.,鼓,1
dry,adj./v.,幹的,1
duck,n./v.,鴨子,1
during,prep.,在...的時候,1
each,pron./adj./adv.,每個,1
ear,n.,耳朵,1
early,adj./adv.,早的,1
earth,n.,地球,1
east,n./adj./adv.,東方,1
easy,adj.,容易的,1
eat,v.,吃,1
egg,n.,蛋,1
either,adv./pron./adj./conj.,(兩者之中)任一的,1
elephant,n.,象,1
else,adv.,別的,1
email,n./v.,電子信函,1
end,n./v.,結束,1
engineer,n.,工程師,1
enjoy(ment),v./(n.),享受,1
enough,adv./adj./n.,充足,1
enter,v.,進入,1
envelope,n.,信封,1
eraser,n.,擦子,1
error,n.,錯誤,1
even,adv./adj./v.,平坦的,1
evening,n.,傍晚,1
ever,adv.,曾經,1
every,adj.,每一,1
everyone/everybody,pron.,每個人,1
everything,pron.,每件事物,1
example,n.,例子,1
excellent,adj.,優良的,1
except,prep./conj.,除,1
excited,adj.,興奮的,1
exciting,adj.,令人興奮的,1
exercise,n./v.,行使,1
expect,v.,預期,1
expensive,adj.,貴的,1
experience,n./v.,經歷,1
explain,v.,解釋,1
eye,n.,眼睛,1
face,n./v.,臉,1
fact,n.,事實,1
factory,n.,工廠,1
fail,v./n.,失敗,1
fall,n./v.,落下,1
family,n.,家庭,1
famous,adj.,出名的,1
fan,n./v.,風扇,1
far,adv./adj.,遠的,1
farm,n./v.,農場,1
farmer,n.,農夫,1
fast,adv./adj.,快速的,1
fat,n./adj.,脂肪,1
father,n.,父親,1
feed,v./n.,飼料,1
feel,v./n.,感覺,1
festival,n.,節日的,1
few,adj./pron.,很少的,1
fight,v./n.,打架,1
file,n./v.,檔案,1
fill,v./n.,裝滿,1
finally,adv.,最後,1
find,v./n.,發現,1
fine,adj./adv./v./n.,好的；優良的；罰款,1
finger,n./v.,手指,1
finish,v./n.,完成,1
fire,n./v.,火,1
first,n./adv./adj.,首先,1
fish,n./v.,魚,1
floor,n./v.,地板,1
flower,n./v.,花,1
fly,v./n.,蒼蠅,1
follow,v.,跟隨,1
food,n.,食物,1
fool,n./v.,愚人,1
foot,n./v.,腳,1
for,prep./conj.,為,1
foreign,adj.,外國的,1
foreigner,n.,外國人,1
forget,v.,忘記,1
fork,n.,叉子,1
free,adj./v./adv.,自由的,1
fresh,adj.,新鮮的,1
friend,n.,朋友,1
friendly,adj.,友好的,1
frog,n.,青蛙,1
from,prep.,從,1
front,adj./n.,前面,1
fruit,n.,水果,1
full,adj.,全部,1
fun,n.,樂趣,1
funny,adj.,好笑的,1
future,n./adj.,未來,1
game,n.,比賽,1
garden,n./v.,花園,1
gate,n.,門,1
get,v.,得到,1
ghost,n.,鬼,1
giant,adj./n.,巨人,1
gift,n.,禮物,1
girl,n.,女孩,1
give,v.,給予,1
glad,adj.,高興的,1
glass,n.,玻璃,1
glasses,n.,眼鏡,1
glove(s),n.,手套,1
go,v./n.,去,1
god/goddess,n.,神/女神,1
good,adj./adv./n.,善行,1
goodbye,n.,再見,1
grade,n./v.,等級,1
grandfather,n.,祖父,1
grandmother,n.,祖母,1
grass,n.,草,1
gray,adj./n./v.,灰色,1
great,adj./n.,大的,1
green,adj./n./v.,綠色,1
ground,n./v.,土地,1
group,n./v.,團體,1
grow,v.,種植,1
guess,v./n.,猜測,1
guitar,n.,吉他,1
guy,n.,家夥,1
habit,n.,習慣,1
hair,n.,頭發,1
half,n./adv./adj.,一半,1
ham,n.,火腿,1
hand,n./v.,手,1
hang,v.,懸掛,1
happen,v.,發生,1
happy,adj.,快樂的,1
hard,adj./adv.,堅硬的,1
hat,n.,帽子,1
hate,v./n.,憎恨,1
have,aux./v.,有,1
"he (him, his, himself)",pron.,他,1
head,n./v.,頭,1
headache,n.,頭痛,1
health,n.,健康,1
healthy,adj.,健康的,1
hear,v.,聽到,1
heart,n.,心,1
heat,n./v.,熱,1
heavy,adj.,重的,1
height,n.,高度,1
hello,n.,喂,1
help,v./n.,幫忙,1
helpful,adj.,有幫助的,1
hen,n.,母雞,1
here,adv./n.,在這裡,1
hide,v.,獸皮,1
high,adj./adv./n.,高度,1
hill,n.,小山,1
history,n.,歷史,1
hit,v./n.,打擊,1
hobby,n.,嗜好,1
hold,v./n.,把握,1
holiday,n.,假日,1
home,n./adv./v./adj.,家,1
homework,n.,家庭作業,1
honest,adj.,誠實的,1
honey,n.,蜂蜜,1
hope,v./n.,希望,1
horse,n.,馬,1
hospital,n.,醫院,1
hot,adj.,熱的,1
hotel,n.,旅館,1
hour,n.,小時,1
house,n./v.,房子,1
housewife,n.,主婦,1
how,adv.,如何,1
however,adv.,然而,1
hundred,n./adj.,百,1
hungry,adj.,飢餓的,1
hurt,v./n.,傷害,1
husband,n.,丈夫,1
"I (me, my, mine, myself)",pron.,我,1
ice,n.,冰,1
idea,n.,主意,1
if,conj.,如果,1
important,adj.,重要的,1
in,prep./adv./adj.,在...期間,1
inch,n.,英寸,1
insect,n.,昆蟲,1
inside,prep./adv./n./adj.,內部,1
interest,n./v.,興趣,1
interested,adj.,感興趣的,1
interesting,adj.,有趣的,1
interview,n./v.,面談,1
into,prep.,進入...之內,1
invite,v.,邀請,1
island,n.,島,1
"it (its, itself)",pron.,它,1
item,n.,項目,1
jacket,n.,夾克,1
jeans,n.,工裝褲,1
job,n.,工作,1
join,v./n.,參加,1
joke,n./v.,笑話,1
joy,n.,歡喜,1
juice,n.,汁,1
jump,v./n.,跳躍,1
just,adv./adj.,正直的,1
keep,v./n.,生計,1
key,adj./n./v.,鑰匙,1
kick,v./n.,踢,1
kid,n./v.,小孩,1
kill,v./n.,殺,1
kind,adj./n.,種類,1
king,n.,國王,1
kiss,n./v.,吻,1
kitchen,n.,廚房,1
kite,n.,風箏,1
knee,n./v.,膝,1
knife,n./v.,小刀,1
knock,v./n.,敲,1
know,v.,知道,1
knowledge,n.,知識,1
lake,n.,湖,1
lamp,n.,燈,1
land,n./v.,陸地,1
language,n.,語言,1
large,adj.,大的,1
last,n./v./adv./adj.,最後的,1
late,adj./adv.,遲的,1
later,adv.,以後,1
laugh,v./n.,笑,1
lawyer,n.,律師,1
lazy,adj.,懶惰的,1
lead,v./n.,帶領；鉛,1
leader,n.,領導者,1
learn,v.,學習,1
least,adv./pron./adj.,最少,1
leave,v./n.,離開；留下,1
left,adj./n./adv.,左邊的,1
leg,n.,腿,1
lemon,n.,檸檬,1
less,pron./adv./adj./prep.,較少,1
lesson,n.,課,1
let,v.,讓,1
letter,n.,信,1
level,n./adj.,水平,1
library,n.,圖書館,1
lie,v./n.,謊言,1
life,n.,生活,1
light,n./adj./v./adv.,光,1
like,prep./v./n.,喜歡；像,1
line,n./v.,列,1
lion,n.,獅子,1
lip,n.,唇,1
list,n./v.,目錄,1
listen,v.,聽,1
little,adj./adv./n.,一點點,1
live,v./adj.,活的,1
lonely,adj.,孤單的,1
long,adj./adv./v.,長的,1
look,v./n.,一看,1
lose,v.,遺失,1
lot,n.,許多；大量,1
loud,adv./adj.,大聲的,1
love,n./v.,愛,1
lovely,adj.,可愛的,1
low,adj./adv./n.,低點,1
lucky,adj.,幸運的,1
lunch,n./v.,午餐,1
machine,n./v.,機器,1
mad,adj.,瘋狂的,1
magic,adj./n.,魔術,1
mail,n./v.,郵件,1
main,adj./n.,主要部分,1
make,v.,制造,1
man,n./v.,男人,1
many,adj./pron.,多數,1
map,n./v.,地圖,1
mark,n./v.,標志,1
market,n./v.,市場,1
married,adj.,已婚的,1
mathematics/math,n.,數學,1
matter,n./v.,事件,1
may,aux.,五月,1
maybe,adv.,也許,1
meal,n.,一餐,1
mean,v./adj.,意思是；意指,1
meat,n.,肉,1
media,n.,媒體,1
medicine,n.,藥,1
medium,adj.,媒體,1
meet,v.,會,1
meeting,n.,會議,1
member,n.,成員,1
menu,n.,菜單,1
middle,adj./n.,中央,1
milk,n.,奶,1
million,n.,百萬,1
mind,n./v.,思想,1
mine,n./v.,我的；礦,1
minute,n.,分,1
miss,v./n.,失誤,1
mistake,n./v.,錯誤,1
modern,adj.,現代的,1
moment,n.,片刻,1
money,n.,金錢,1
monkey,n.,猴子,1
month,n.,月,1
moon,n.,月亮,1
more,adj./pron./adv.,更多,1
morning,n.,早晨,1
most,adv./pron./adj.,最多,1
mother,n.,母親,1
mountain,n.,山,1
mouse,n.,老鼠,1
mouth,n./v.,嘴,1
move(ment),v./(n.),移動,1
movie/film,n.,電影,1
Mr./Mister,n.,先生,1
Mrs.,n.,太太；夫人,1
Ms.,n.,女士,1
much,adj./pron./adv.,大量,1
mud,n.,泥,1
museum,n.,博物館,1
music,n.,音樂,1
must,aux./n.,必須,1
name,n./v.,名字,1
national,adj.,國家的,1
nature,n.,自然,1
near,prep./adj./adv./v.,近的,1
neck,n.,脖子,1
need,v./n./aux.,需要,1
net,n./v.,網,1
never,adv.,從不,1
new,adj.,新的,1
news,n.,新聞,1
newspaper,n.,報紙,1
next,adj./adv.,下一個,1
nice,adj.,美好的,1
night,n.,夜,1
no/nope,adj./adv./n.,不,1
nobody,pron./n.,小人物,1
noise,n.,噪音,1
noisy,adj.,嘈雜的,1
noon,n.,正午,1
north,n./adj./adv.,北方,1
nose,n.,鼻子,1
not,adv.,不,1
note,n./v.,筆記,1
nothing,pron./n.,無,1
notice,v./n.,注意,1
now,adv./n.,現在,1
number,n./v.,數,1
nurse,n./v.,護士,1
O.K./OK/okay,adj./adv./n./v.,好的；可以,1
o’clock,adv.,……點鐘,1
of,prep.,的,1
off,adv./prep./adj.,關著的,1
office,n.,辦公室,1
officer,n.,軍官,1
often,adv.,時常,1
oil,n./v.,油,1
old,adj.,以前,1
on,prep./adv.,在...之上,1
once,adv./conj./n.,一次,1
online,adj.,線上的；在線,1
only,adv./adj./conj.,唯一的,1
open,adj./v.,公開,1
or,conj.,或,1
orange,adj./n.,柑橘,1
order,n./v.,次序,1
other,adj./pron.,其他的,1
out,adv./prep./adj./n./v.,外面的,1
outside,prep./adv./adj./n.,外面,1
over,prep./adv.,結束,1
own,adj./pron./v.,自己的,1
pack,n./v.,包裹,1
package,n.,包裹,1
page,n.,頁,1
paint,n./v.,油漆,1
pair,n.,一雙,1
pants,n.,褲子,1
paper,n./v.,紙,1
parent(s),n.,父母,1
park,n./v.,公園,1
part,n./v.,部分,1
party,n./v.,宴會,1
pass,v./n.,經過,1
past,adj./n./prep./adv.,過去,1
pay(ment),v./(n.),付錢,1
pen,n./v.,鋼筆,1
pencil,n.,鉛筆,1
people,n./v.,人,1
perhaps,adv.,也許,1
person,n.,人,1
pet,n./v.,寵物,1
photograph/photo,n./v.,相片,1
piano,n.,鋼琴,1
pick,v./n.,精選,1
picnic,n./v.,野餐,1
picture,n./v.,圖畫,1
pie,n.,餡餅,1
piece,n./v.,塊,1
pig,n./v.,豬,1
pin,n./v.,大頭針,1
pink,adj./n.,粉紅色,1
pipe,n./v.,管,1
place,n./v.,地方,1
plan,n./v.,計劃,1
planet,n.,行星,1
plant,n./v.,植物,1
plate,n.,碟,1
play,v./n.,遊戲,1
player,n.,競賽者,1
please,v.,請,1
pleasure,n.,快樂,1
pm/p.m.,adv.,下午,1
pocket,n./v.,口袋,1
point,n./v.,點,1
police,n./v.,警察,1
polite,adj.,有禮貌的,1
pond,n.,池塘,1
pool,n./v.,池,1
poor,adj.,貧窮的,1
popcorn,n.,爆米花,1
popular,adj.,通俗的,1
possible,adj.,可能的,1
pot,n./v.,盆,1
potato,n.,馬鈴薯,1
power,n./v.,力,1
practice,n./v.,實踐,1
prepare,v.,準備,1
present,adj./n./v.,目前；禮物；呈現,1
pretty,adv./adj.,漂亮的,1
price,n./v.,價格,1
probably,adv.,大概,1
problem,n.,問題,1
program,n./v.,節目,1
proud,adj.,驕傲的,1
public,adj./n.,公眾,1
pull,v./n.,拉,1
push,v./n.,推,1
put,v.,放,1
quarter,n.,四分之一,1
queen,n.,王後,1
question,n./v.,問題,1
quick,adj./adv.,快的,1
quiet,adj./n./v.,安靜,1
quite,adv.,相當,1
rabbit,n.,兔子,1
race,n./v.,種族,1
radio,n./v.,無線電,1
rain,n./v.,雨,1
rainbow,n.,彩虹,1
rainy,adj.,下雨的,1
raise,v./n.,上升,1
reach,v./n.,伸出,1
read,v.,讀,1
ready,adj./v.,預備好的狀態,1
real,adj.,真的,1
really,adv.,實際上,1
reason,n./v.,理由,1
red,adj./n.,紅的,1
relative,adj./n.,親戚,1
remember,v.,記得,1
repeat,v.,重復,1
report,n./v.,報告,1
reporter,n.,記者,1
rest,n./v.,休息,1
restaurant,n.,餐館,1
rice,n.,米,1
rich,adj.,富裕的,1
ride,n./v.,騎馬,1
right,adv./adj./n.,右邊；正確的；權利,1
ring,n./v.,環,1
rise,n./v.,上升,1
river,n.,河,1
road,n.,路,1
robot,n.,機械人,1
rock,n./v.,巖石,1
roll,v./n.,卷,1
room,n./v.,房間,1
root,n.,根,1
rope,n.,繩,1
rose,n.,玫瑰,1
round,adj./n./adv./prep./v.,圓,1
row,n./v.,排,1
rule,n./v.,規則,1
ruler,n.,統治者,1
run,v.,跑,1
sad,adj.,憂愁的,1
safe,adj./n.,安全的,1
salad,n.,色拉,1
sale,n.,出售,1
salt,n./v./adj.,鹽,1
same,adj./pron./adv.,相同的,1
save,v.,救球,1
say,v.,說,1
school,n./v.,學校,1
science,n.,科學,1
sea,n.,海,1
season,n.,季節,1
seat,n./v.,座,1
second,adj./n./adv.,秒,1
secretary,n.,祕書,1
see,v.,看見,1
seed,n.,種子,1
sell,v.,賣,1
send,v.,發送,1
sentence,n./v.,句子,1
serious,adj.,嚴肅的,1
service,n.,服務,1
set,v./n.,放置；一組,1
several,adj./pron.,幾個的,1
shake,v./n.,搖動,1
shall,aux.,將,1
shape,n.,形狀,1
share,v./n.,部分,1
sharp,adj./adv.,半升音調,1
"she (her, hers, herself)",pron.,她,1
sheep,n.,羊,1
ship,n./v.,船,1
shirt,n.,襯衫,1
shoe(s),n.,鞋子,1
shop,n./v.,商店,1
short,adj.,短的,1
shorts,n.,短褲,1
shoulder,n.,肩,1
shout,v./n.,呼喊,1
show,v./n.,顯示,1
shower,n./v.,陣雨,1
sick,adj.,病人,1
side,n.,旁邊,1
sight,n./v.,景觀,1
sign,n./v.,符號,1
simple,adj.,簡單的,1
since,conj./prep./adv.,自...以後,1
sing,v.,唱,1
singer,n.,歌手,1
sir,n.,先生,1
sister,n.,姐妹,1
sit,v.,坐,1
size,n./v.,大小,1
skirt,n.,裙子,1
sky,n.,天空,1
sleep,n./v.,睡眠,1
slim,adj.,瘦的,1
slow,adj./v./adv.,慢的,1
small,adj./n./adv.,小的,1
smart,adj.,聰明的,1
smell,n./v.,味道,1
smile,n./v.,微笑,1
smoke,n./v.,煙,1
snake,n./v.,蛇,1
snow,n./v.,雪,1
so,adv./conj.,如此,1
sofa,n.,沙發,1
soldier,n.,軍人,1
some,adj./pron.,一些,1
someone/somebody,pron./n.,某人,1
something,pron./n.,某事,1
sometimes,adv.,有時,1
somewhere,adv.,到某處,1
son,n.,兒子,1
song,n.,歌,1
soon,adv.,不久,1
sore,adj./n.,悲傷的,1
sorry,adj.,難過的,1
sound,n.,聲音,1
soup,n.,湯,1
south,n./adj./adv.,南方,1
space,n./v.,位置,1
speak,v.,說,1
special,adj.,特別的,1
spell,v.,符咒,1
spend,v.,花費,1
spring,n./v.,春天,1
square,n./adj.,正方形,1
stair,n.,梯級,1
stand,v./n.,站立,1
star,n./v.,星,1
start,v./n.,驚起,1
station,n.,車站,1
stay,v./n.,停留,1
still,adv./adj.,仍然,1
stop,v./n.,停止,1
store,n./v.,商店,1
story,n.,故事,1
straight,adv./adj./n.,直線,1
strange,adj.,奇怪的,1
street,n.,街道,1
string,n.,線,1
strong,adj.,強壯的,1
student,n.,學生,1
study,n./v.,學習,1
stupid,adj.,愚蠢的,1
subject,n.,科目,1
successful,adj.,成功的,1
sugar,n.,糖,1
sun,n./v.,太陽,1
sunny,adj.,陽光充足的,1
supermarket,n.,超級市場,1
sure,adj./adv.,確信,1
surprise,n./v.,驚奇,1
surprised,adj.,感到驚訝的,1
sweet,adj.,甜蜜,1
table,n.,桌子,1
tail,n.,尾部,1
take,v.,拿,1
talk,v./n.,談話,1
tall,adj.,高的,1
tape,n.,帶子,1
taste,n./v.,味道,1
taxicab/taxi/cab,n.,出租車,1
tea,n.,茶,1
teach,v.,教,1
teacher,n.,教師,1
team,n./v.,隊,1
teenager,n.,十三歲到十九歲的少年,1
telephone/phone,n./v.,電話,1
television/TV,n.,電視,1
tell,v.,告訴,1
temple,n.,聖堂,1
tennis,n.,網球,1
terrible,adj.,可怕的,1
test,n./v.,測試,1
than,conj./prep.,比,1
thank,v./n.,謝意,1
that,conj./pron./adv./adj.,那,1
the,art.,那,1
theater,n.,戲院,1
then,adv./adj.,然後,1
there,adv./n.,在那裡,1
these,pron./adj.,這些,1
"they (them, their, theirs, themselves)",pron.,他們,1
thick,adj.,厚的,1
thin,adj.,薄的,1
thing,n.,事物,1
think,v.,想,1
third,adj./n./adv.,第三,1
this,pron./adv./adj.,這,1
those,pron./adj.,那些,1
though,conj./adv.,然而,1
thousand,n./adj.,千,1
throat,n.,咽喉,1
through,prep./adv.,穿越,1
throw,v./n.,投,1
ticket,n.,票,1
tidy,adj./v.,椅子的背罩,1
tie,n./v.,帶子,1
tiger,n.,老虎,1
time,n./v.,時間,1
tip,n./v.,尖端；小費；提示,1
tired,adj.,疲累的,1
to,prep.,到,1
today,adv./n.,今天,1
toe,n.,足趾,1
together,adv.,一起,1
toilet,n.,廁所,1
tomato,n.,番茄,1
tomorrow,adv./n.,明天,1
tonight,adv./n.,今晚,1
too,adv.,也,1
tool,n.,工具,1
tooth,n.,牙齒,1
top,n./adj./v.,頂部,1
topic,n.,主題,1
total,adj./n./v.,全體的,1
touch,n./v.,觸覺,1
towel,n./v.,手巾,1
town,n.,城鎮,1
toy,n.,玩具,1
traffic,n./v.,交通,1
train,n./v.,火車,1
treat(ment),v./(n.),對待,1
tree,n.,樹,1
trip,n./v.,旅行,1
trouble,n./v.,煩惱,1
truck,n.,卡車,1
try,v./n.,嘗試,1
T-shirt,n.,圓領汗衫,1
turn,v./n.,轉彎,1
twice,adv.,兩次,1
type,n./v.,類型,1
uncle,n.,叔父,1
under,prep./adv.,在...之下,1
understand,v.,理解,1
uniform,n.,制服,1
until,conj./prep.,直到,1
up,adv./prep./adj./v./n.,向上的,1
use,v./n.,使用,1
useful,adj.,有用的,1
usually,adv.,通常,1
vegetable,n.,蔬菜,1
very,adv.,真正的,1
video,n./v./adj.,影像,1
violin,n.,小提琴,1
visit,v./n.,拜訪,1
visitor,n.,參觀者,1
voice,n.,聲音,1
wait,v./n.,等待,1
wake,v.,叫醒,1
walk,v./n.,走,1
wall,n.,牆,1
want,v./n.,想要,1
warm,adj./v.,暖和的,1
watch,v./n.,觀察,1
water,n./v.,水,1
wave,n./v.,波,1
way,n.,路,1
"we (us, our, ours, ourselves)",pron.,我們,1
weak,adj.,不牢固的,1
wear,v.,穿著,1
weather,n./v.,天氣,1
week,n.,星期,1
weekend,n./v.,周末,1
welcome,v./adj./n.,歡迎,1
well,adv./adj./n.,很好地；井,1
west,n./adj./adv.,西方,1
wet,adj./v.,濕的,1
what,pron./adj.,什麼,1
when,adv./conj./pron.,當...的時候,1
where,conj./adv./pron./n.,在哪裡,1
whether,conj.,是否,1
which,pron./adj.,哪一個,1
while,conj./n./v.,一會兒,1
white,adj./n.,白色,1
who,pron.,誰,1
whose,pron.,誰的,1
why,adv./n.,為什麼,1
wide,adj./adv.,寬的,1
wife,n.,妻子,1
will,aux./n.,將；會,1
win,v./n.,贏得,1
wind,n./v.,風,1
window,n.,窗戶,1
wise,adj.,明智的,1
wish,v./n.,希望,1
with,prep.,和...在一起,1
without,prep./adv.,沒有,1
woman,n.,女人,1
wonderful,adj.,令人驚奇的,1
word,n.,話,1
work,n./v.,工作,1
worker,n.,工人,1
world,n.,世界,1
worry,v./n.,擔心,1
write,v.,書寫,1
writer,n.,作家,1
wrong,adj./adv./n./v.,錯誤的,1
yard,n.,碼,1
year,n.,年,1
yellow,adj./n./v.,黃色,1
yes/yeah,adv./n.,(非正式)是,1
yesterday,adv./n.,昨天,1
yet,adv./conj.,還,1
"you (your, yours, yourself, yourselves)",pron.,你；你們,1
young,adj./n.,年輕的,1
zero,n.,零,1
zoo,n.,動物園,1
absence,n.,缺席,2
absent,adj./v.,缺席的,2
accept,v.,接受,2
accident,n.,意外事件,2
account,n./v.,報告,2
active,adj.,活躍的,2
activity,n.,活動,2
actual,adj.,真實的,2
addition,n.,加法,2
address,v./n.,住址,2
admit,v.,承認,2
adult,n./adj.,成人,2
advance,n./v.,前進,2
advice,n.,忠告,2
affair,n.,事件,2
affect,v.,影響,2
against,prep.,反對,2
ahead,adv.,領先的,2
aid,n./v.,幫助,2
aim,n./v.,目標,2
aircraft,n.,航空器,2
alarm,n./v.,驚恐,2
album,n.,粘貼簿,2
alike,adv./adj.,相似的,2
alive,adj.,活著的,2
alone,adv./adj.,孤獨的,2
aloud,adv.,出聲地,2
altogether,adv.,完全地,2
among,prep.,在...之中,2
amount,n./v.,總數,2
ancient,adj.,古代的,2
anger,n.,忿怒,2
angle,n.,角,2
ankle,n.,踝,2
anytime,adv.,任何時候,2
anyway,adv.,無論如何,2
anywhere/anyplace,adv.,任何地方,2
ape,n.,無尾猿,2
appearance,n.,出現,2
appetite,n.,食欲,2
apply,v.,塗,2
appreciate,v.,賞識,2
approach,n./v.,接近,2
argue(argument),v./(n.),爭論,2
army,n.,軍隊,2
arrange(ment),v./(n.),安排,2
arrival,n.,到達,2
arrow,n.,箭,2
article,n.,文章,2
artist,n.,藝術家,2
asleep,adj.,睡著的,2
attempt,n./v.,嘗試,2
attend,v.,參加,2
attention,n.,注意,2
author,n./v.,作家,2
available,adj.,可利用的,2
average,adj./n./v.,平均,2
avoid,v.,避免,2
backpack,n./v.,遠足用的背包,2
backward,adj.,向後地,2
backward/backwards,adv.,向後地,2
badminton,n.,羽毛球運動,2
bake,v.,烘焙,2
bakery,n.,面包店,2
balance,n./v.,平衡,2
balcony,n.,陽臺,2
balloon,n.,氣球,2
bar,n./v.,條,2
barbecue,n./v.,烤肉,2
barber,n.,理發師,2
bark,n./v.,樹皮,2
base,n./v.,底部,2
basic,adj.,基本原理,2
basics,n.,最簡單但最重要的部分,2
basis,n.,基礎,2
bathe,v.,沐浴,2
battle,n./v.,戰役,2
beard,n.,胡須,2
beat,v./n.,心跳(聲),2
beauty,n.,美,2
beer,n.,啤酒,2
beg,v.,乞求,2
beginner,n.,初學者,2
behave,v.,舉止端正,2
being,n.,存在,2
belief,n.,信念,2
bend,v./n.,變彎曲,2
better,adj./adv./n./v.,較好的,2
beyond,prep./adv.,超過,2
bill,n./v.,帳單,2
billion,n.,十億,2
birth,n.,出生,2
biscuit,n.,餅幹,2
bit,n.,少量,2
blackboard,n.,黑板,2
blame,v./n.,過失,2
blank,adj./n.,空格,2
blanket,n./v.,毛毯,2
blood,n.,血,2
board,n./v.,木板,2
boil,n./v.,煮沸,2
bone,n.,骨頭,2
bookstore,n.,書店,2
border,n./v.,邊緣,2
bother,v./n.,煩擾,2
brain,n.,腦,2
branch,n./v.,樹枝,2
brand,n.,商標,2
brief,adj./n./v.,摘要,2
brilliant,adj.,光輝的,2
broad,adj.,寬廣的,2
brush,n./v.,刷子,2
building,n.,建築物,2
bun,n.,小面包,2
burden,n./v.,負擔,2
burn,v./n.,燒,2
burst,n./v.,破裂,2
businessman,n.,商人,2
cabbage,n.,卷心菜,2
café/cafe,n.,咖啡館,2
cage,n./v.,籠,2
calendar,n.,日歷,2
calm,v./adj./n,平穩,2
camel,n.,駱駝,2
cancel,v.,取消,2
cancer,n.,癌,2
candle,n.,蠟燭,2
capital,n./adj.,首都,2
cartoon,n./v.,卡通畫,2
cash,n./v.,現金,2
castle,n.,城堡,2
cause,n./v.,原因,2
ceiling,n.,天花板,2
cell,n.,單元,2
centimeter,n.,釐米,2
central,adj.,中央的,2
century,n.,世紀,2
cereal,n.,谷類食品,2
chain,n./v.,鏈,2
chalk,n./v.,粉筆,2
challenge,n./v.,挑戰,2
channel,n./v.,海峽,2
chapter,n.,章,2
character,n.,個性,2
charge,n./v.,指控,2
chart,n.,圖表,2
chase,n./v.,追求,2
cheat,v./n.,欺騙,2
cheer,v./n.,愉快,2
chemical,adj./n.,化學藥品,2
chess,n.,國際象棋,2
chief,adj./n.,領袖,2
childhood,n.,孩童時期,2
childish,adj.,天真的,2
china,n.,中國,2
chopstick(s),n.,筷子,2
claim,n./v.,要求,2
clap,v./n.,拍手,2
classic,adj./n.,古典作品,2
classical,adj.,古典的,2
classmate,n.,同班同學,2
clever,adj.,聰明的,2
click,v./n.,咔噠聲,2
climate,n.,氣候,2
cloth,n.,布料,2
clothing,n.,衣服,2
cloudy,adj.,多雲的,2
coal,n.,煤,2
coast,n.,海岸,2
cockroach/roach,n.,蟑螂,2
cocoa,n.,可可粉,2
coin,n./v.,硬幣,2
cola/Coke,n.,可樂,2
college,n.,學院,2
comb,n./v.,頭梳,2
combine,v.,(使)聯合,2
comic(s),adj./n.,喜劇的,2
command,n./v.,命令,2
commercial,adj./n.,商業的,2
company,n.,公司,2
compare,v.,比較,2
complete,adj./v.,完全的,2
complex,adj./n.,綜合體,2
concern,n./v.,關心,2
conclude,v.,結束,2
condition,n./v.,情況,2
confident,adj.,有信心的,2
conflict,n./v.,戰鬥,2
congratulation(s),n.,祝賀,2
connection,n.,連接,2
consider,v.,考慮,2
consideration,n.,考慮,2
contact,n./v.,聯繫,2
contain,v.,包含,2
continue,v.,繼續,2
contract,n./v.,合約,2
control,n./v.,控制,2
conversation,n.,會話,2
corn,n.,玉蜀黍,2
countryside,n.,鄉下地方,2
couple,n./v.,對,2
courage,n.,勇氣,2
court,n.,法院,2
cowboy,n.,牛仔,2
crayon,n.,蠟筆,2
cream,n./adj.,乳酪,2
create,v.,創造,2
crime,n.,犯罪,2
crisis,n.,危機,2
crow,n.,啼叫,2
crowd,n./v.,群眾,2
cultural,adj.,文化的,2
culture,n.,文化,2
cure,n./v.,治療,2
curious,adj.,好奇的,2
current,adj./n.,湧流,2
curtain,n./v.,帳,2
custom,n.,習慣,2
customer,n.,消費者,2
cycle,n./v.,周期,2
daily,adj./adv./n.,每日的,2
damage,n./v.,損害,2
dancer,n.,舞蹈演員,2
danger,n.,危險,2
data,n.,資料,2
deaf,adj.,聾的,2
debate,n./v.,辯論,2
debt,n.,債務,2
decision,n.,決定,2
deer,n.,鹿,2
degree,n.,程度,2
delay,n./v.,耽擱,2
delicious,adj.,美味的,2
deliver,v.,遞送,2
delivery,n.,遞送,2
dentist,n.,牙科醫生,2
deny,v.,否認,2
department,n.,部門,2
depend,v.,靠,2
depth,n.,深度,2
describe,v.,描述,2
description,n.,描述,2
desert,n./v.,沙漠,2
design,n./v.,設計,2
detail,n./v.,細節,2
develop(ment),v./(n.),發展,2
dial,n./v.,刻度盤,2
dialogue,n.,對話,2
diamond,n.,鑽石,2
diary,n.,日記,2
diet,n./v.,日常飲食,2
difference,n.,不同,2
difficulty,n.,困難,2
direct,adj./v./adv.,直接的,2
direction,n.,方向,2
director,n.,主管,2
disagree(ment),v./(n.),不同意,2
disappear,v.,消失,2
discover,v.,發現,2
discovery,n.,發現,2
discuss,v.,討論,2
discussion,n.,討論,2
disease,n.,疾病,2
display,n./v.,顯示,2
distance,n.,距離,2
distant,adj.,遠的,2
divide,v./n.,分開,2
division,n.,分,2
domestic,adj.,家庭的,2
dot,n./v.,點,2
double,adj./v./n./adv.,兩倍,2
doubt,n./v.,懷疑,2
dove,n.,鴿子,2
download,v.,下載,2
downstairs,adv./n./adj.,樓下,2
dragon,n.,龍,2
drama,n.,戲劇,2
drawer,n.,抽屜,2
drawing,n.,圖畫,2
drug,n./v.,藥,2
dryer,n.,幹衣機,2
due,adj./adv./n.,應得的東西,2
dull,adj./v.,鈍的,2
duty,n.,責任,2
eagle,n.,鷹,2
earn,v.,賺得,2
earring(s),n.,耳環,2
earthquake,n.,地震,2
ease,n./v.,安樂,2
eastern,adj.,東方人,2
edge,n./v.,邊緣,2
edition,n.,版本,2
education,n.,教育,2
effect,n./v.,結果,2
effective,adj.,有效的,2
effort,n.,努力,2
elder,n./adj.,年長者,2
electric,adj.,電的,2
electrical,adj.,電的,2
emotion,n.,情緒,2
emphasize,v.,強調,2
employ(ment),v./(n.),僱用,2
employee,n.,職員,2
employer,n.,僱主,2
empty,adj./v.,空的,2
encourage(ment),v./(n.),鼓勵,2
ending,n.,終止,2
enemy,n.,敵人,2
energy,n.,精力,2
engine,n.,引擎,2
entire,adj.,整個,2
entrance,n.,入口,2
environment,n.,環境,2
environmental,adj.,周圍的,2
equal,adj./v./n.,對手,2
escape,v./n.,逃亡,2
especially,adv.,尤其,2
essay,n.,隨筆,2
eve,n.,前夕,2
event,n.,事件,2
evil,n./adj.,邪惡,2
exact,adj.,精確的,2
examination/exam,n.,考試,2
examine,v.,檢查,2
excite(ment),v./(n.),使興奮,2
excuse,v./n.,原諒,2
exist,v.,存在,2
existence,n.,存在,2
exit,n./v.,出口,2
expense,n.,費用,2
expert,n./adj.,專家,2
express,v./adj./adv./n.,快車,2
expression,n.,表達,2
extra,adj./adv./n.,額外的事物,2
eyebrow/brow,n.,眉毛,2
factor,n.,因素,2
failure,n.,失敗,2
fair,adj./n./adv.,展覽會,2
false,adj.,錯誤的,2
fashion,n./v.,流行,2
fate,n.,命運,2
fault,n./v.,過錯,2
favor,n./v.,好意,2
favorite,adj./n.,喜歡的事物,2
fear,n./v.,恐怖,2
feature,n./v.,面孔的一部分(如眼、口等),2
fee,n.,費用,2
feeling,n.,摸,2
fellow,n.,男人,2
female,adj./n.,女性,2
fever,n.,發燒,2
field,n.,領域,2
figure,n./v.,數字,2
final,adj./n.,期末考試,2
fireman/firewoman,n.,消防員,2
firm,n./adj./v./adv.,公司,2
fisherman,n.,漁夫,2
fit,v./adj./n./adv.,適宜,2
fix,v./n.,使固定,2
flag,n.,標志,2
flat,adj./adv./n.,平坦的,2
flight,n.,飛行,2
flow,n./v.,流程,2
flu,n.,流感,2
focus,n./v.,焦點,2
fog,n./v.,霧,2
folk,n.,人們,2
following,adj./prep./n.,下列各項,2
foolish,adj.,愚蠢的,2
football,n.,足球,2
force,n./v.,力量,2
forest,n.,森林,2
forgive,v.,原諒,2
form,n./v.,形狀,2
formal,adj.,正式的,2
former,adj.,從前的,2
forth,adv.,往前,2
forward,adj./n./v.,向前的,2
forward/forwards,adv.,向前地,2
found,v.,建立,2
fox,n.,狐狸,2
freedom,n.,自由,2
friendship,n.,友誼,2
fries,n.,炸薯條（French fries）,2
fry,v./n.,油炸食物,2
function,n./v.,官能,2
furniture,n.,家具,2
further,adv./adj./v.,更遠的,2
gain,v./n.,增益,2
garbage,n.,垃圾,2
gardener,n.,園丁,2
garlic,n.,大蒜,2
gather,v.,集合,2
general,adj./n.,一般,2
generous,adj.,慷慨的,2
gentle,adj.,溫和的,2
gentleman,n.,紳士,2
giraffe,n.,長頸鹿,2
glue,n./v.,膠,2
goal,n.,目標,2
goat,n.,山羊,2
gold,n./adj.,黃金,2
golden,adj.,金的,2
goose,n.,鵝,2
govern,v.,統治,2
government,n.,政府,2
gradual,adj.,逐漸的,2
grain,n.,谷粒,2
gram,n.,克,2
grand,adj.,莊重的,2
grape,n.,葡萄,2
greet,v.,問候,2
growth,n.,生長,2
guard,n./v.,守衛者,2
guava,n.,番石榴,2
guest,n.,客人,2
guide,n./v.,引導者,2
gun,n./v.,槍,2
gymnasium/gym,n.,體育館,2
haircut,n.,理發,2
hall,n.,門廳,2
hamburger/burger,n.,漢堡,2
handle,v./n.,柄,2
handsome,adj.,英俊的,2
hardly,adv.,剛剛,2
heaven,n.,天堂,2
hero/heroine,n.,英雄/女英雄,2
highly,adv.,非常,2
highway,n.,公路,2
hike,n./v.,徒步旅行,2
hip,n.,臀部,2
hippopotamus/hippo,n.,河馬,2
historical,adj.,歷史的,2
hole,n.,孔,2
hop,v./n.,單腳跳,2
host/hostess,n.,主人/女主人,2
huge,adj.,極大的,2
human,adj./n.,人,2
humble,adj.,低下的,2
hunt,v./n.,狩獵,2
hunter,n.,獵人,2
hurry,v./n.,匆忙,2
ideal,adj./n.,理想,2
identity,n.,身份,2
ignore,v.,不理睬,2
ill,adj./adv./n.,疾病,2
image,n.,影像,2
imagine,v.,想像,2
importance,n.,重要,2
impressive,adj.,給人深刻印象的,2
improve(ment),v./(n.),改善,2
include,v.,包括,2
income,n.,收入,2
increase,v./n.,增加,2
indeed,adv.,的確,2
independence,n.,獨立,2
independent,adj.,獨立自主者,2
indicate,v.,顯示,2
individual,adj./n.,人,2
industry,n.,勤勞,2
influence,n./v.,影響力,2
ink,n./v.,墨水,2
insist,v.,堅持,2
instance,n.,建議,2
instant,adj./n.,立即,2
instead,adv.,作為替代,2
instruction,n.,指令,2
instrument,n.,工具,2
internal,adj.,內在的,2
international,adj.,國際的,2
Internet/internet,n.,網際網路,2
introduce,v.,介紹,2
introduction,n.,介紹,2
iron,n./v./adj.,鐵,2
jam,n./v.,果醬,2
jog,v./n.,輕推,2
joint,adj./n.,連接處,2
journal,n.,日記,2
judge,n./v.,法官,2
judgment/judgement,n.,判斷；判決,2
justice,n.,正義,2
keeper,n.,監護人,2
ketchup,n.,蕃茄醬,2
kilogram,n.,千克,2
lack,n./v.,缺乏,2
lady,n.,淑女,2
ladybug,n.,瓢蟲,2
lamb,n./v.,小羊,2
lane,n.,小路,2
lantern,n.,燈籠,2
lap,n.,膝蓋,2
latest,adj.,最近的,2
latter,adj.,後者的,2
law,n.,法律,2
lay,v.,放置,2
leadership,n.,領導能力,2
leaf,n.,葉,2
legal,adj.,法律的,2
lend,v.,借,2
length,n.,長度,2
lens,n.,透鏡,2
liberal,adj.,自由主義者,2
lid,n.,蓋子,2
lift,v./n.,舉起,2
likely,adj./adv.,有可能的,2
limit,n./v.,界限,2
link,n./v.,環,2
liquid,n.,液體,2
listener,n.,收聽者,2
liver,n.,肝髒,2
load,n./v.,負荷,2
local,adj./n.,地方性的,2
lone,adj.,孤單的,2
loss,n.,損失,2
lower,v.,低的,2
luck,n.,運氣,2
magazine,n.,雜志,2
maintain,v.,維持,2
major,adj./n./v.,主修課,2
male,adj./n.,男人,2
manage(ment),v./(n.),管理,2
manager,n.,經理,2
mango,n.,芒果,2
manner,n.,樣子,2
marriage,n.,婚姻,2
marry,v.,與...結婚,2
mask,n./v.,面具,2
mass,n.,塊,2
master,n./v.,主人,2
mat,n.,墊,2
match,n.,比賽,2
mate,n./v.,配偶,2
material,n.,材料,2
mature,adj.,成熟的,2
meaning,n.,意義,2
means,n.,方法,2
measure(ment),v./(n.),測量,2
medical,adj.,醫療的；醫學的,2
melody,n.,曲子,2
membership,n.,會員的資格,2
memory,n.,記憶,2
mention,v./n.,提到,2
message,n.,消息,2
metal,n./adj.,金屬,2
meter,n.,米,2
method,n.,方法,2
midnight,n.,午夜,2
mile,n.,英裡,2
military,adj./n.,軍隊,2
minor,adj./n.,未成年人,2
minority,n.,少數,2
mirror,n./v.,鏡子,2
mix,n./v.,混合物,2
mixture,n.,混合,2
model,n./v.,模型,2
mood,n.,心情,2
mop,n./v.,拖把,2
motion,n.,移動,2
motorcycle,n.,摩托車,2
mug,n.,有柄大杯,2
musical,adj./n.,音樂片,2
musician,n.,音樂家,2
nail,n.,釘子,2
narrow,adj./v.,狹窄部分,2
nation,n.,國家,2
natural,adj.,自然的,2
naughty,adj.,頑皮的,2
nearby,adj./adv.,附近的,2
nearly,adv.,幾乎,2
necessary,adj.,必要的,2
necklace,n.,項鏈,2
needle,n.,針,2
negative,adj./n.,否定,2
neighbor,n.,鄰居,2
neither,adj./adv./pron./conj.,兩者皆不；也不,2
nephew,n.,姪子；外甥,2
nerve,n.,精神,2
nervous,adj.,神經緊張的,2
network,n./v.,網絡,2
niece,n.,侄女,2
nod,n./v.,點頭,2
none,pron./adv.,一點也不,2
noodle,n.,面條,2
nor,conj.,也不,2
northern,adj.,北方人,2
notebook,n.,筆記本,2
novel,n./adj.,小說,2
nut,n.,堅果,2
obey,v.,服從,2
object,n./v.,物體,2
obvious,adj.,明顯的,2
occur,v.,發生,2
ocean,n.,海洋,2
offer,v./n.,給予(物),2
official,adj./n.,官員,2
operate,v.,操作,2
operator,n.,操作員,2
opinion,n.,意見,2
ordinary,adj.,平常的,2
organ,n.,風琴,2
organization,n.,組織,2
origin,n.,起源,2
owner,n.,擁有者,2
pain,n./v.,痛苦,2
painful,adj.,痛苦的,2
painting,n.,畫,2
pajamas,n.,睡衣,2
pale,adj.,蒼白的,2
pan,n.,平鍋,2
panda,n.,大熊貓,2
papaya,n.,番木瓜樹,2
pardon,n./v.,原諒,2
participate,v.,參加,2
particular,adj.,一項(或條、點),2
partner,n.,合夥人,2
password,n.,密碼,2
paste,n./v.,面團,2
path,n.,路徑,2
patient,n./adj.,病人,2
pattern,n./v.,模範,2
peace,n.,和平,2
peaceful,adj.,平靜的,2
peach,n.,桃子,2
peak,n./v.,山峰,2
pear,n.,梨子,2
per,prep.,每一,2
perfect,adj./v./n.,完美的,2
period,n.,時期,2
personal,adj.,私人的,2
personality,n.,個性,2
phrase,n./v.,慣用語,2
pillow,n.,枕頭,2
pizza,n.,比薩餅,2
plain,adj./n.,平原,2
platform,n.,站臺,2
playground,n.,運動場,2
pleasant,adj.,愉快的,2
plus,prep./n./adj.,加上,2
poem,n.,詩,2
poet,n.,詩人,2
poetry,n.,詩,2
poison,n./v.,毒藥,2
policeman/cop,n.,警察,2
policy,n.,政策,2
pop,n./adj.,砰然聲,2
population,n.,人口,2
pork,n.,豬肉,2
port,n.,港口,2
pose,v./n.,姿勢,2
position,n./v.,位置,2
positive,adj./n.,肯定的,2
possibility,n.,可能性,2
post,n./v./adv.,柱,2
postcard,n.,明信片,2
pound,n.,磅,2
powerful,adj.,有力的,2
praise,n./v.,贊美,2
pray,v.,祈禱,2
prayer,n.,祈禱,2
prefer,v.,寧可,2
president,n.,總統,2
press,n./v.,壓,2
pressure,n./v.,壓,2
pride,n./v.,驕傲,2
priest,n.,祭司,2
primary,adj.,最主要者,2
prince/princess,n.,王子/公主,2
principal,adj./n.,校長,2
principle,n.,原則,2
print,n./v.,打印,2
printer,n.,印刷工,2
prison,n.,監獄,2
prisoner,n.,囚犯,2
private,adj.,私人的,2
prize,n./v.,獎賞,2
produce,v./n.,生產品,2
production,n.,制造,2
progress,n./v.,進步,2
project,n.,計劃,2
promise,n./v.,諾言,2
proper,adj.,適當的,2
propose,v.,計劃,2
protect,v.,防衛,2
protective,adj.,給予保護的,2
prove,v.,證明,2
provide,v.,提供,2
pudding,n.,布丁,2
pumpkin,n.,南瓜,2
punish(ment),v./(n.),懲罰,2
pupil,n.,學生,2
puppy,n.,小狗,2
purple,adj./n.,紫色,2
purpose,n.,目的,2
puzzle,n./v.,難題,2
quality,n.,品質,2
quantity,n.,量,2
quiz,n.,考查,2
railroad/railway,n.,鐵路,2
raincoat,n.,雨衣,2
range,n./v.,排,2
rapid,adj.,迅速的,2
rare,adj.,稀罕的,2
rat,n.,鼠,2
rather,adv.,寧可,2
reality,n.,實在,2
realize,v.,了解,2
receive,v.,收到,2
recent,adj.,最近的,2
record,n./v.,記錄,2
recover,v.,重新獲得,2
refrigerator/fridge,n.,冰箱,2
refuse,v.,拒絕,2
regard,n./v.,關心,2
region,n.,區域,2
regular,adj./n.,規則的,2
reject,v.,被拒之人,2
relate,v.,講,2
relation,n.,關系,2
relationship,n.,關系,2
religion,n.,宗教,2
remove,v.,移動,2
rent,n./v.,租金,2
repair,n./v.,修理,2
reply,n./v.,答復,2
require(ment),v./(n.),需要,2
respect,n./v.,尊敬,2
respond,v.,以...回答,2
responsible,adj.,有責任的,2
restroom,n.,洗手間,2
result,n./v.,結果,2
return,v./n.,回來,2
review,n./v.,檢討,2
riches,n.,財富,2
rocky,adj.,巖石的,2
role,n.,角色,2
roof,n./v.,屋頂,2
rooster,n.,公雞,2
royal,adj.,王室,2
rub,v./n.,摩擦,2
rubber,n.,橡皮,2
rude,adj.,粗魯無禮的,2
runner,n.,跑步者,2
safety,n.,安全,2
sail,v./n.,帆,2
sailor,n.,水手,2
salesperson/salesman/ saleswoman,n.,女售貨員,2
salty,adj.,有鹽分的,2
sample,n./v.,樣品,2
sand,n./v.,沙,2
sandwich,n./v.,三明治,2
satisfy,v.,使滿意,2
saw,v./n.,鋸子,2
scare,v./n.,驚嚇,2
scared,adj.,害怕的,2
scene,n.,場,2
schedule,n./v.,時間表,2
scooter,n.,小型摩托車,2
score,n./v.,得分,2
screen,n.,幕,2
seafood,n.,海味,2
search,n./v.,搜尋,2
secondary,adj.,中級的,2
secret,adj./n.,祕密,2
section,n.,區段,2
seek,v.,尋求,2
seem,v.,象是,2
seesaw,n.,蹺蹺板,2
seldom,adv.,不常的,2
select,v./adj.,挑選出來的,2
selection,n.,選擇,2
self,n.,自己,2
selfish,adj.,自私的,2
sense,n./v.,感應,2
sensitive,adj.,敏感的,2
separate,adj./v.,獨立件,2
servant,n.,僕人,2
serve,v.,可作...用,2
settle(ment),v./(n.),定居,2
sex,n.,性別,2
shame,n./v.,羞恥,2
shark,n.,鯊魚,2
sheet,n.,床單,2
shelf,n.,架子,2
shell,n.,貝殼,2
shine,v./n.,光澤,2
shock,n./v.,震動,2
shoot,v./n.,射擊,2
shopkeeper,n.,零售商,2
shore,n.,海岸,2
shot,n.,發射,2
shut,v./adj.,關閉,2
shy,adj.,驚跳,2
sidewalk,n.,人行道,2
silence,n./v.,沉默,2
silent,adj.,沉默的,2
silly,adj.,愚蠢的,2
silver,n./adj.,銀,2
similar,adj.,相似的,2
simply,adv.,簡單地,2
single,adj./n./v.,單身的,2
skill,n.,技術,2
skilled,adj.,熟練的,2
skin,n.,皮膚,2
sleepy,adj.,困乏的,2
slide,n./v.,滑,2
slip,v./n.,滑,2
slipper(s),n.,拖鞋,2
smooth,adj./v.,平滑的,2
snack,n./v.,小吃,2
snail,n.,蝸牛,2
snowy,adj.,多雪的,2
soap,n./v.,肥皂,2
soccer,n.,英式足球,2
social,adj.,社會的,2
society,n.,社會,2
sock(s),n.,短襪,2
soda,n.,蘇打,2
soft,adj.,軟的,2
soil,n.,土壤,2
solution,n.,解決,2
solve,v.,解決,2
somewhat,adv.,有點；稍微,2
sort,n./v.,種類,2
soul,n.,靈魂,2
sour,adj./n./v.,酸的,2
source,n.,來源,2
southern,adj.,南方人,2
soybean,n.,大豆,2
speaker,n.,說話人,2
speech,n.,演講,2
speed,n./v.,速率,2
spelling,n.,拼,2
spider,n.,蜘蛛,2
spirit,n.,精神,2
spoon,n.,匙,2
sport,n./v.,運動,2
spot,n./v.,汙點,2
spread,v./n.,傳播,2
stage,n./v.,階段,2
stamp,n./v.,印,2
standard,adj./n.,標準,2
state(ment),v./(n.),陳述,2
steak,n.,牛排,2
steel,n./v.,鋼,2
step,n./v.,步驟,2
stick,v./n.,棍,2
stomachache,n.,胃痛,2
stone,n./v.,石頭,2
storm,n./v.,暴風雨,2
stranger,n.,陌生人,2
strawberry,n.,草莓,2
stream,n./v.,水流,2
stress,n./v.,壓力,2
stretch,n./v.,伸展,2
strict,adj.,嚴厲的,2
strike,n./v.,罷工,2
struggle,n./v.,鬥爭,2
style,n./v.,風格,2
subway/underground/ metro,n.,地鐵,2
succeed,v.,成功,2
success,n.,成功,2
such,adj./pron.,如此的,2
sudden,adj./n.,突然,2
suggest,v.,提議,2
suit,n./v.,套裝,2
suitable,adj.,適當的,2
super,adj./adv.,極好的；超級的,2
supper,n.,晚餐,2
supply,n./v.,補給,2
support,n./v.,支持,2
suppose,v.,推想,2
surf,v.,海浪,2
surface,n./v.,面,2
survival,n.,生存,2
survive,v.,生存；倖存,2
swallow,v./n.,燕子,2
sweater,n.,毛衣,2
sweep,v.,掃除,2
swim,v./n.,遊泳,2
swimsuit,n.,遊泳衣,2
swing,n./v.,搖擺,2
switch,n./v.,開關,2
symbol,n.,符號,2
system,n.,系統,2
tale,n.,故事,2
target,n./v.,目標,2
task,n./v.,工作,2
tax,n./v.,稅,2
teapot,n.,茶壺,2
tear,n./v.,淚滴,2
technology,n.,技術,2
teens,n.,十三歲到十九歲,2
temperature,n.,溫度,2
term,n./v.,術語,2
terrorism,n.,恐怖主義,2
terrorist,adj.,恐怖分子,2
text,n.,文本,2
textbook,n.,教科書,2
therefore,adv.,因此,2
thief,n.,小偷,2
thirsty,adj.,口渴的,2
thought,n.,想法,2
throughout,prep./adv.,到處,2
thunder,n./v.,雷,2
thus,adv.,如此,2
till,conj./prep.,直到,2
tiny,adj.,很少的,2
tire,v./n.,輪胎,2
tissue,n.,薄的織物,2
title,n./v.,頭銜,2
toast,n./v.,吐司,2
tofu,n.,豆腐,2
tone,n.,音調,2
tongue,n.,舌,2
toothache,n.,牙痛,2
toothbrush,n.,牙刷,2
tour,n./v.,旅遊,2
toward/towards,prep.,向,2
track,n./v.,軌跡,2
trade,n./v.,貿易,2
tradition,n.,傳說,2
traditional,adj.,傳統的,2
trap,n./v.,圈套,2
trash,n./v.,垃圾,2
travel,n./v.,旅行,2
treasure,n./v.,寶物,2
trial,n.,審判,2
triangle,n.,三角形,2
trick,n./v.,詭計,2
true,adj./adv./v.,真實的,2
trust,v./n.,信任,2
truth,n.,事實,2
tube,n.,管,2
turtle,n.,海龜,2
typhoon,n.,臺風,2
typical,adj.,典型的,2
ugly,adj.,醜陋的,2
umbrella,n.,傘,2
unit,n.,單位,2
universe,n.,宇宙,2
university,n.,大學,2
unless,conj.,除非,2
upload,v.,上傳,2
upon,prep.,在...之上,2
upper,adj.,上面的,2
upset,adj./v./n.,弄翻的,2
upstairs,adv./adj./n.,樓上的,2
used,adj.,使用過的,2
user,n.,使用者,2
usual,adj.,平常的,2
vacation,n./v.,假期,2
valley,n.,山谷,2
valuable,adj.,有價值的,2
value,n./v.,價值,2
victory,n.,勝利,2
view,n./v.,視野,2
village,n.,村莊,2
vote,n./v.,投票,2
waist,n.,腰部,2
waiter/waitress,n.,侍者,2
wallet,n.,皮夾,2
war,n.,戰爭,2
wash,v./n.,洗,2
waste,n./v.,浪費,2
watermelon,n.,西瓜,2
wealth,n.,財富,2
wedding,n.,婚禮,2
weekday,n.,平日；工作日,2
weigh,v.,稱...重量,2
weight,n.,重,2
western,adj./n.,西方人,2
whale,n.,鯨,2
whatever,adj./pron.,無論什麼,2
wheel,n.,輪子,2
whenever,conj./adv.,每當,2
wherever,adv./conj.,無論哪裡,2
whisper,n./v.,耳語,2
whoever,pron.,任何人,2
whole,adj./n.,全部,2
whom,pron.,誰,2
width,n.,寬度,2
wild,adj./adv./n.,荒野,2
willing,adj.,樂意的,2
windy,adj.,多風的,2
wine,n.,葡萄酒,2
wing,n.,翅膀,2
wire,n.,電線,2
within,prep./adv.,內部,2
wolf,n.,狼,2
wonder,v./n.,奇跡,2
wood(s),n.,木頭,2
wooden,adj.,木制的,2
wool,n.,羊毛,2
workbook,n.,輔助練習冊,2
worm,n./v.,蟲,2
worse,adj./adv./n.,更壞的事,2
worst,adj./adv./n.,最壞,2
worth,adj./n.,價值,2
wound,n./v.,創傷,2
yam,n.,山藥,2
youth,n.,青年；青春,2
zebra,n.,斑馬,2
aboard,prep./adv.,在船上,3
acceptable,adj.,可接受的,3
accurate,adj.,正確的,3
ache,n./v.,疼痛,3
achieve(ment),v./(n.),完成,3
additional,adj.,附加的,3
admire,v.,贊美,3
advanced,adj.,在前的,3
advantage,n.,優點,3
adventure,n.,冒險,3
advertise(ment)/ad,v./(n.),廣告；宣傳,3
advise,v.,勸告,3
adviser/advisor,n.,顧問,3
afford,v.,買得起,3
afterward/afterwards,adv.,後來；之後,3
agriculture,n.,農業,3
airline,n.,航線,3
alley,n.,小路,3
almond,n.,杏仁,3
alphabet,n.,字母,3
amaze(ment),v./(n.),使大為吃驚,3
ambassador,n.,大使,3
ambition,n.,野心,3
ambulance,n.,救護車,3
angel,n.,天使,3
announce(ment),v./(n.),宣布,3
anxious,adj.,憂慮的,3
anyhow,adv.,無論如何,3
apart,adv.,成零碎,3
apologize,v.,道歉,3
appeal,n./v.,懇求,3
approve,v.,贊同,3
apron,n.,圍裙,3
armed,adj.,有扶手的,3
arrest,n./v.,逮捕,3
ash,n.,灰,3
aside,adv.,小聲說的話,3
assist,v.,幫助,3
assistant,n.,助手,3
assume,v.,假定,3
athlete,n.,運動員,3
attitude,n.,態度,3
attract,v.,吸引,3
attractive,adj.,吸引人的,3
audience,n.,聽眾,3
automatic,adj.,自動手槍,3
automobile/auto,n.,汽車,3
avenue,n.,大街,3
awake,adj./v.,醒著的,3
awaken,v.,喚醒,3
award,n./v.,獎品,3
aware,adj.,知道的,3
awful,adj.,可怕的,3
awkward,adj.,笨拙的,3
background,n.,背景,3
bacon,n.,燻豬肉,3
bacteria,n.,細菌,3
badly,adv.,嚴重地,3
baggage,n.,行李,3
bait,n./v.,餌,3
bamboo,n.,竹子,3
bang,n./v./adv.,重擊,3
banker,n.,銀行家,3
bare,adj./v.,赤裸的,3
barely,adv.,幾乎不,3
barn,n.,谷倉,3
barrel,n.,桶,3
basement,n.,地下室,3
bay,n.,海灣,3
bead,n.,珠子,3
beam,n./v.,橫梁,3
beast,n.,畜生,3
beetle,n.,甲蟲,3
beneath,prep.,在...下方,3
benefit,n./v.,利益,3
berry,n.,漿果,3
besides,adv./prep.,除...之外,3
bet,v./n.,打賭,3
bind,v.,綁,3
bitter,adj.,苦的,3
bleed,v.,流血,3
bless,v.,祝福,3
bloody,adj.,血腥的,3
blouse,n.,寬松的上衣,3
bold,adj.,大膽的,3
bomb,n./v.,炸彈,3
bookcase,n.,書架,3
boot,n./v.,長靴,3
bore,v./n.,令人討厭的人,3
bowling,n.,保齡球戲,3
brake,n./v.,剎車,3
brass,n./adj.,黃銅,3
bravery,n.,勇敢,3
breast,n.,胸部,3
breath,n.,呼吸,3
breathe,v.,呼吸,3
breeze,n./v.,微風,3
brick,n.,磚塊,3
bride,n.,新娘,3
broadcast,n./v.,廣播,3
brunch,n.,早午餐,3
bubble,n./v.,泡沫,3
bucket,n.,桶,3
bud,n./v.,芽,3
budget,n./v.,預算,3
buffalo,n.,水牛,3
buffet,n.,自助餐,3
bulb,n.,球莖,3
bull,n.,公牛,3
bullet,n.,子彈,3
bump,n./v.,撞擊,3
bunch,n.,串,3
bundle,n.,捆,3
bury,v.,埋葬,3
bush,n.,矮樹叢,3
buzz,n./v.,嗡嗡聲,3
cabin,n.,小屋,3
cable,n./v.,電纜,3
cafeteria,n.,自助餐廳,3
campus,n.,校園,3
canyon,n.,峽谷,3
capable,adj.,有能力的,3
captain,n.,船長,3
capture,v./n.,抓取,3
career,n.,事業,3
carpenter,n.,木匠,3
carpet,n./v.,地毯,3
carriage,n.,馬車,3
cart,n./v.,二輪運貨馬車,3
cast,v./n.,演員陣容,3
casual,adj.,偶然的,3
cattle,n.,牛,3
cave,n./v.,洞,3
champion,n.,冠軍,3
charm,n./v.,吸引力,3
chat,n./v.,閒談,3
cheek,n.,頰,3
cheerful,adj.,快活的,3
cherry,n./adj.,櫻桃,3
chest,n.,胸,3
chill,n./v./adj.,寒冷,3
chilly,adj.,寒冷的,3
chimney,n.,煙囪,3
chin,n.,下巴,3
chip,n./v.,屑片,3
chop,n./v.,肋條肉,3
cigarette,n.,香煙,3
cinema,n.,電影院,3
circus,n.,馬戲團,3
citizen,n.,市民,3
civil,adj.,市民的,3
clay,n.,泥土,3
cleaner,n.,清潔工人,3
client,n.,客戶,3
clinic,n.,診所,3
clip,n./v.,修剪,3
closet,n.,壁櫥,3
clothe,v.,給...穿衣,3
clown,n./v.,小醜,3
clue,n.,線索,3
coach,n./v.,四輪大馬車,3
cock,n.,公雞,3
cocktail,n.,雞尾酒,3
coconut,n.,椰子,3
collar,n.,衣領,3
collection,n.,收集,3
colony,n.,殖民地,3
colorful,adj.,華美的,3
column,n.,專欄,3
comfort,n./v.,舒適,3
comma,n.,逗點,3
committee,n.,委員會,3
communicate,v.,顯露,3
comparison,n.,比較,3
compete,v.,競爭,3
complain,v.,抱怨,3
complaint,n.,訴苦,3
concert,n.,音樂會,3
conclusion,n.,結論,3
cone,n.,圓錐體,3
confirm,v.,證實,3
confuse,v.,使混亂,3
connect,v.,連接,3
conscious,adj.,有意識的,3
considerable,adj.,相當的,3
constant,adj./n.,常數,3
continent,n.,大陸,3
controller,n.,控制器,3
cooker,n.,炊事用具,3
costly,adj.,昂貴的,3
cotton,n.,棉花,3
cough,n./v.,咳嗽,3
countable,adj.,能算的,3
county,n.,縣,3
crab,n.,螃蟹,3
cradle,n./v.,搖籃,3
crane,n./v.,鶴,3
crash,n./v.,譁啦聲,3
crawl,v./n.,爬行,3
creative,adj.,有創造力的,3
creator,n.,創作者；創造者,3
creature,n.,生物；動物,3
credit,n./v.,信用,3
crew,n.,全體人員,3
cricket,n.,蟋蟀,3
criminal,adj./n.,罪犯,3
crispy,adj.,卷曲的,3
crop,n./v.,農作物,3
crown,n./v.,王冠,3
cruel,adj.,殘酷的,3
cupboard,n.,食櫥,3
dairy,n.,牛奶公司,3
dam,n./v.,水壩,3
dare,aux./v.,挑戰,3
darling,n./adj.,親愛的,3
dash,n./v.,衝撞,3
database,n.,數據庫,3
dawn,n./v.,破曉,3
dealer,n.,經銷商,3
decade,n.,十年,3
deck,n.,甲板,3
decorate,v.,裝飾,3
decrease,v./n.,減少,3
deed,n.,行為,3
deepen,v.,深化,3
definition,n.,定義,3
democracy,n.,民主政治,3
democratic,adj.,民主的,3
deposit,n./v.,存款,3
designer,n.,設計者,3
desirable,adj.,令人想望的,3
desire,n./v.,欲望,3
dessert,n.,餐後甜點,3
destroy,v.,破壞,3
detect,v.,發現,3
determine,v.,決定,3
devil,n.,魔鬼,3
dim,adj./v.,暗淡的,3
dime,n.,10分硬幣(美、加),3
dine,v.,用正餐,3
dinosaur,n.,恐龍,3
dip,v./n.,浸,3
dirt,n.,汙垢,3
discount,n./v.,折扣,3
dishonest,adj.,不誠實的,3
disk/disc,n.,磁盤,3
dislike,v./n.,嫌惡,3
ditch,n./v.,溝渠,3
dive,n./v.,潛水,3
dizzy,adj.,暈眩的,3
dock,n./v.,碼頭,3
dolphin,n.,海豚,3
donkey,n.,驢子,3
dose,n./v.,劑量,3
doubtful,adj.,可疑的,3
doughnut,n.,油炸圈餅,3
downtown,adj./adv./n.,市中心區,3
drag,v./n.,拖,3
dragonfly,n.,蜻蜓,3
drain,v./n.,排水溝,3
dramatic,adj.,戲劇性的,3
drip,n./v.,水滴,3
drown,v.,淹死,3
drugstore,n.,藥房,3
drunk,adj./n.,喝醉了的,3
dumb,adj.,啞的,3
dump,v./n.,垃圾場,3
dumpling,n.,面團布丁,3
dust,n./v.,灰塵,3
eager,adj.,熱心的,3
echo,n./v.,回聲,3
edit,v.,編輯,3
editor,n.,編者,3
educate,v.,教育,3
educational,adj.,教育的,3
efficient,adj.,有效率的,3
elbow,n./v.,手肘,3
elderly,adj.,過了中年的,3
elect,v./adj.,當選人,3
election,n.,選舉,3
electricity,n.,電,3
electronic,adj.,電子的,3
element,n.,元件,3
elevator,n.,電梯,3
emergency,n.,緊急狀況,3
emotional,adj.,情緒的,3
emperor,n.,皇帝,3
enable,v.,使能夠,3
energetic,adj.,精力充沛的,3
engage(ment),v./(n.),從事,3
enjoyable,adj.,可從中得到樂趣的,3
entry,n.,登錄,3
envy,n./v.,羨慕,3
erase,v.,抹去,3
excellence,n.,優秀,3
exchange,n./v.,交換,3
exhibition,n.,表現,3
expectation,n.,期待,3
experiment,n./v.,實驗,3
explode,v.,爆炸,3
explore,v.,探險,3
export,n./v.,輸出品,3
expressive,adj.,表達的,3
extreme,adj./n.,極端,3
fade,v.,褪色,3
faint,adj./v./n.,昏厥,3
fairly,adv.,美觀地,3
fairy,n./adj.,仙女,3
faith,n.,信心,3
fake,adj./v./n.,假貨,3
familiar,adj.,熟悉的,3
fancy,adj./n./v.,想象力,3
fare,n.,費用,3
farther,adv./adj.,更遠的,3
fashionable,adj.,時髦的,3
faucet,n.,龍頭,3
fearful,adj.,可怕的,3
feather,n.,羽毛,3
fence,n.,圍牆,3
fighter,n.,鬥士,3
firework,n.,煙火具,3
fist,n./v.,拳頭,3
flame,n./v.,火焰,3
flash,n./v.,閃光,3
flashlight,n.,手電筒,3
flavor,n./v.,滋味,3
flesh,n.,肉,3
float,v./n.,漂流物,3
flock,n./v.,獸群,3
flood,n./v.,洪水,3
flour,n.,面粉,3
flute,n.,笛,3
foggy,adj.,霧深的,3
fold,v./n.,折層,3
follower,n.,從者,3
fond,adj.,喜歡的,3
forever,adv.,永遠,3
fortune,n.,財富,3
fountain,n.,水源,3
frank,adj.,坦白的,3
freeze,v./n.,凍結,3
freezer,n.,冰庫,3
frequent,adj./v.,時常發生的,3
fright,n.,驚駭,3
frighten,v.,使驚嚇,3
fuel,n./v.,燃料,3
fund,n./v.,基金,3
fur,n.,毛皮,3
gallon,n.,加侖,3
gamble,n./v.,賭博,3
gang,n./v.,隊,3
gap,n.,縫隙,3
garage,n.,車庫,3
gasoline/gas,n.,汽油,3
geography,n.,地理學,3
gesture,n./v.,手勢,3
glance,n./v.,一瞥,3
global,adj.,通用的,3
glory,n.,光榮,3
glow,n./v.,赤熱,3
golf,n./v.,高爾夫球,3
gossip,n./v.,閒聊,3
governor,n.,(美)州長,3
grab,v./n.,抓握,3
graduate,n./v.,畢業生,3
grasp,v./n.,把握,3
grasshopper,n.,蚱蜢,3
grassy,adj.,草綠色的,3
greedy,adj.,貪婪的,3
greenhouse,n.,溫室,3
grin,n./v.,露齒笑,3
grocery,n.,食品雜貨店,3
guidance,n.,指導,3
gum,n.,樹膠,3
hairdresser,n.,美發師,3
hallway,n.,門廳,3
hammer,n./v.,錘,3
handful,n.,少數,3
handkerchief,n.,手帕,3
handy,adj.,便利的,3
hanger,n.,掛鉤,3
harbor,n./v.,港,3
harm,n./v.,傷害,3
harmful,adj.,有害的,3
harvest,n./v.,收獲,3
hasty,adj.,匆匆的,3
hatch,n./v.,孵化,3
hateful,adj.,憎恨的,3
hay,n.,幹草,3
headline,n./v.,大標題,3
headquarters,n.,總部,3
heal,v.,痊愈,3
heap,n./v.,堆,3
heater,n.,加熱器,3
heel,n./v.,腳後跟,3
hell,n.,地獄,3
helmet,n.,鋼盔,3
hesitate,v.,猶豫,3
hint,n./v.,暗示,3
hire,v./n.,租金,3
historian,n.,歷史學家,3
historic,adj.,歷史上著名的,3
holder,n.,持有人,3
hollow,adj./n./v.,洞,3
holy,adj.,神聖的,3
homesick,adj.,思家的,3
hometown,n.,故鄉,3
honesty,n.,誠實,3
honor,n./v.,榮譽,3
hopeful,adj.,有希望之人,3
horn,n.,角,3
horrible,adj.,可怕的,3
horror,n.,驚駭,3
hourly,adj./adv.,每小時的,3
housekeeper,n.,主婦,3
hug,n./v.,緊抱,3
hum,v.,嗡嗡聲,3
humid,adj.,潮溼的,3
humor,n.,幽默,3
humorous,adj.,富幽默感的,3
hunger,n.,飢餓,3
hut,n.,小屋,3
icy,adj.,冰的,3
imagination,n.,想像,3
immediate,adj.,立即的,3
import,n./v.,進口貨,3
impress,v.,印象,3
indoor,adj.,戶內的,3
indoors,adv.,在戶內,3
industrial,adj.,工業的,3
inferior,adj./n.,次等的,3
inform,v.,通知,3
information,n.,消息,3
injury,n.,傷害,3
inn,n.,旅館,3
inner,adj.,內部的,3
innocent,adj.,無罪的,3
inspect,v.,檢查,3
inspector,n.,檢查員,3
intelligent,adj.,聰明的,3
interrupt,v.,中斷,3
invent,v.,發明,3
inventor,n.,發明家,3
investigate,v.,調查,3
invitation,n.,邀請,3
ivory,n./adj.,象牙,3
jail,n./v.,監牢,3
jar,n.,廣口瓶,3
jaw,n.,顎,3
jazz,n.,爵士樂,3
jealous,adj.,嫉妒的,3
jeep,n.,吉普車,3
jelly,n.,果凍,3
jet,n./v.,噴射流,3
jewel,n.,珠寶,3
jewelry,n.,珠寶,3
journey,n./v.,旅程,3
joyful,adj.,歡喜的,3
juicy,adj.,多汁液的,3
jungle,n.,叢林,3
junior,adj./n.,年少者,3
junk,n./v.,垃圾,3
kangaroo,n.,袋鼠,3
keyboard,n.,鍵盤,3
kidney,n.,腎,3
kilometer,n.,千米,3
kindergarten,n.,幼稚園,3
kingdom,n.,王國,3
kit,n.,裝備,3
knight,n.,騎士,3
knit,v./n.,編織,3
knot,n./v.,結,3
koala,n.,袋熊,3
label,n./v.,標籤,3
lace,n./v.,飾帶,3
ladder,n.,梯,3
lately,adv.,近來,3
laughter,n.,笑,3
laundry,n.,洗衣店,3
lawn,n.,草地,3
leak,n./v.,漏洞,3
leap,n./v.,跳躍,3
learning,n.,學問,3
leather,n.,皮革,3
leisure,n.,空閒,3
lemonade,n.,檸檬水,3
leopard,n.,豹,3
lettuce,n.,萵苣,3
liberty,n.,自由,3
lick,v./n.,舔,3
lifetime,n.,一生,3
lighthouse,n.,燈塔,3
lightning,n.,閃電,3
lily,n.,百合,3
limb,n.,四肢,3
litter,n./v.,垃圾,3
lively,adj.,活潑的,3
loaf,n.,一條面包,3
lobby,n.,大廳,3
locate,v.,找出,3
location,n.,位置,3
lock,n./v.,鎖,3
log,n./v.,記錄,3
lollipop,n.,棒棒糖,3
loose,adj.,鬆的；寬鬆的,3
lord,n.,統治者,3
loser,n.,失敗者,3
lover,n.,愛人,3
luggage,n.,行李,3
lung,n.,肺,3
magical,adj.,魔術的,3
magician,n.,魔術家,3
magnet,n.,磁鐵,3
maid,n.,少女,3
majority,n.,多數,3
mall,n.,林蔭路,3
mankind/humankind,n.,人類,3
marble,n.,大理石,3
march,n./v.,三月,3
marker,n.,作記號的人,3
marvelous,adj.,令人驚異的,3
mathematical,adj.,數學的,3
mayor,n.,市長,3
meadow,n.,草地,3
meaningful,adj.,意味深長的,3
meanwhile,n./adv.,其時,3
medal,n.,獎牌,3
medium/media,n.,媒介,3
melon,n.,瓜,3
melt,v.,熔化,3
mend,v.,改進,3
mental,adj.,心智的,3
merry,adj.,快樂的,3
mess,n./v.,食堂,3
microphone/mike,n.,麥克風,3
microwave,n./v.,微波,3
mighty,adj.,有勢力的人,3
minus,prep./n./adj.,負號,3
miracle,n.,奇跡,3
misery,n.,痛苦,3
missile,n.,發射物,3
missing,adj.,不見的,3
mission,n.,任務,3
mist,n./v.,霧,3
mob,n./v.,暴民,3
mobile,adj.,移動的,3
moist,adj.,潮溼的,3
moisture,n.,溼氣,3
monk,n.,修道士,3
monster,n.,怪物,3
monthly,adj./adv./n.,月刊,3
moral,adj./n.,道德,3
mosquito,n.,蚊子,3
mostly,adv.,大概,3
motel,n.,汽車旅館,3
moth,n.,蛾害,3
motor,n.,馬達,3
multiply,v.,繁殖,3
murder,n./v.,謀殺,3
muscle,n.,肌肉,3
mushroom,n./v.,蘑菇形物,3
mystery,n.,祕密,3
naked,adj.,裸體的,3
nap,n./v.,小睡,3
napkin,n.,餐巾,3
native,adj./n.,本地人,3
navy,n.,海軍,3
neat,adj.,整潔的,3
necessity,n.,需要,3
necktie,n.,領帶,3
neighborhood,n.,附近,3
nest,n./v.,巢,3
nickname,n./v.,綽號,3
normal,adj.,常態,3
novelist,n.,小說家,3
nun,n.,修女,3
oak,n.,橡樹,3
observe,v.,覺察到,3
occasion,n.,場合,3
odd,adj.,奇數的,3
omit,v.,省略,3
ongoing,adj.,前進的,3
onion,n.,洋蔥,3
onto,prep.,在...之上,3
operation,n.,操作,3
opportunity,n.,機會,3
opposite,adj./n./prep./adv.,相反的；對面,3
optimistic,adj.,樂觀的,3
oral,adj./n.,口試,3
organic,adj.,器官的,3
organize,v.,組織,3
original,adj./n.,最初的,3
outdoor,adj.,戶外的,3
outdoors,adv.,戶外,3
outer,adj.,外部的,3
outline,n./v.,大綱,3
oven,n.,烤箱,3
overseas,adv./adj.,海外的,3
owe,v.,虧欠,3
owl,n.,貓頭鷹,3
ownership,n.,所有權,3
ox,n.,牛,3
pad,n./v.,填補,3
painter,n.,畫家,3
pal,n.,朋友,3
palace,n.,宮,3
palm,n.,手掌,3
pancake,n.,薄烤餅,3
panic,n./v.,恐慌,3
parade,n./v.,遊行,3
paradise,n.,天堂,3
parcel,n./v.,包裹,3
parrot,n./v.,鸚鵡,3
passage,n.,通道,3
passenger,n.,乘客,3
passion,n.,激情,3
passport,n.,護照,3
pat,v./n.,輕拍,3
patience,n.,耐性,3
pause,n./v.,暫停,3
pave(ment),v./(n.),鋪設(道路),3
pea,n.,豌豆,3
peanut,n.,花生,3
pearl,n.,珍珠,3
peel,v./n.,皮,3
penguin,n.,企鵝,3
penny,n.,便士,3
pepper,n.,胡椒粉,3
perform,v.,進行,3
performance,n.,施行,3
permission,n.,許可,3
permit,v./n.,許可證,3
persuade,v.,勸,3
photographer,n.,攝影師,3
pigeon,n.,鴿子,3
pile,n./v.,堆,3
pill,n.,藥丸,3
pilot,n./v.,飛行員,3
pine,n.,松樹,3
pineapple,n.,鳳梨,3
pint,n.,品脫(幹量或液量的單位),3
pit,n.,深坑,3
pitch,n./v.,程度,3
pity,n./v.,遺憾,3
plastic,n./adj.,塑料,3
playful,adj.,愛打趣的,3
plenty,pron./n./adv.,充分,3
plug,n./v.,塞子,3
pole,n.,波蘭人,3
political,adj.,政治的,3
politician,n.,政客,3
politics,n.,政治,3
poll,n./v.,投票,3
pollute,v.,汙染,3
pollution,n.,汙染,3
porcelain,n.,瓷器,3
portion,n./v.,部分,3
portrait,n.,肖像,3
poster,n.,海報,3
postpone(ment),v./(n.),延期,3
pottery,n.,陶器,3
pour,v.,流出,3
poverty,n.,貧窮,3
powder,n./v.,粉,3
practical,adj.,實際的,3
precious,adj.,寶貴的,3
preparation,n.,準備,3
presence,n.,出席,3
pretend,v.,假裝,3
prevent,v.,預防,3
previous,adj.,早先的,3
probable,adj.,很可能的,3
process,n./v.,程序,3
producer,n.,生產者,3
product,n.,產品,3
professor,n.,教授,3
profit,n./v.,利潤,3
promote,v.,促進,3
pronounce,v.,發音,3
proof,n.,證據,3
property,n.,財產,3
protection,n.,保護,3
pub,n.,酒館,3
pump,n./v.,抽水機,3
punch,n./v.,打洞器,3
puppet,n.,傀儡,3
pure,adj.,純的,3
purse,n.,錢包,3
queer,adj.,怪人,3
quit,v.,離開,3
quote,v./n.,引用,3
racial,adj.,人種的,3
rag,n.,碎布,3
rank,n./v.,等級,3
rate,n./v.,比率,3
raw,adj.,擦傷處,3
ray,n.,光線,3
razor,n.,剃刀,3
react,v.,起反應,3
reaction,n.,反應,3
reasonable,adj.,合理的,3
receipt,n.,收據,3
receiver,n.,接收器,3
recognize,v.,認出,3
recorder,n.,記錄員,3
rectangle,n.,長方形,3
reduce,v.,減少,3
regional,adj.,地方的,3
regret,v./n.,遺憾,3
relax,v.,放松,3
release,n./v.,釋放,3
reliable,adj.,可靠的,3
relief,n.,減輕,3
religious,adj.,宗教性的,3
rely,v.,信賴,3
remain,v.,保持,3
remind,v.,提醒,3
remote,adj.,遙遠的,3
replace(ment),v./(n.),取代,3
represent,v.,表現,3
representative,adj./n.,代表,3
republic,n.,共和國,3
request,n./v.,請求,3
reserve,n./v.,儲備品,3
resist,v.,抵抗,3
resource,n.,資源,3
response,n.,反應,3
responsibility,n.,責任,3
restrict,v.,限制,3
reveal,v.,露出,3
ribbon,n.,緞帶,3
rid,adj./v.,免除,3
ripe,adj.,成熟的,3
risk,n./v.,冒險,3
roar,n./v.,吼,3
roast,adj./n./v.,烤肉,3
rob,v.,搶奪,3
robbery,n.,搶掠,3
robe,n.,寬松長袍,3
rocket,n.,火箭,3
romantic,adj./n.,浪漫的,3
rot,v./n.,腐爛,3
rotten,adj.,腐爛的,3
rough,adj./adv./n.,粗糙的東西,3
roughly,adv.,概略地,3
routine,n./adj.,常規,3
rug,n.,小塊地毯,3
rumor,n./v.,謠言,3
rush,n./v.,匆促,3
rust,n./v.,鏽,3
sack,n.,麻布袋,3
sake,n.,目的,3
salary,n.,薪水,3
satisfactory,adj.,滿意的,3
sauce,n.,醬油,3
saucer,n.,茶碟,3
sausage,n.,香腸,3
saving(s),n.,節約,3
scale(s),n.,規模,3
scarce,adj.,難得的,3
scarf,n.,圍巾,3
scary,adj.,容易受驚的,3
scatter,v./n.,消散,3
scholar,n.,學者,3
scholarship,n.,學問,3
scientific,adj.,科學的,3
scientist,n.,科學家,3
scissors,n.,剪刀,3
scout,n./v.,守候,3
scream,v./n.,尖叫聲,3
screw,v./n.,螺旋,3
scrub,n./v.,用力擦洗,3
seal,n./v.,印章,3
security,n.,安全,3
semester,n.,學期,3
senior,adj./n.,年長者,3
sensible,adj.,有感覺的,3
separation,n.,分離,3
sexual,adj.,性的,3
sexy,adj.,有性感的,3
shadow,n./v.,陰影,3
shallow,adj.,水淺的地方,3
shampoo,n./v.,洗頭,3
shepherd,n.,牧羊人,3
shiny,adj.,有光澤的,3
shorten,v.,弄短,3
shortly,adv.,不久,3
shovel,n./v.,鏟,3
shrimp,n.,蝦,3
shrink,v.,收縮,3
sigh,n./v.,嘆息,3
signal,n./v.,信號,3
significant,adj.,重要的,3
silk,n.,絲,3
similarity,n.,類似,3
sin,n./v.,罪,3
sincere,adj.,誠實的,3
sink,n./v.,藏垢的場所,3
sip,v./n.,啜飲,3
situation,n.,情形,3
skate,v./n.,溜冰,3
ski,n./v.,滑雪橇,3
skillful,adj.,熟練的,3
skinny,adj.,似皮的,3
skip,v./n.,跳躍,3
slave,n./v.,奴隸,3
sleeve,n.,袖子,3
slender,adj.,苗條的,3
slice,n./v.,薄的切片,3
slippery,adj.,滑的,3
slope,n.,傾斜,3
snap,v./n.,使突然中斷,3
solid,adj.,固體,3
someday,adv.,有一天,3
somehow,adv.,不知何故,3
sometime,adv.,以前的,3
sorrow,n.,悲傷,3
spaghetti,n.,意大利面條,3
specific,adj.,特效藥,3
spice,n./v.,香料,3
spill,v./n.,溢出,3
spin,n./v.,旋轉,3
spinach,n.,菠菜,3
spit,v./n.,唾液,3
spite,n.,惡意,3
splash,n./v.,飛濺,3
spoil,v.,戰利品,3
spray,n./v.,水沫,3
spy,n./v.,間諜,3
squeeze,v./n.,緊握,3
squirrel,n.,松鼠,3
stable,adj.,馬房,3
stadium,n.,露天大型運動場,3
staff,n./v.,全體人員,3
stale,adj.,尿,3
stare,v./n.,注視,3
starve,v.,(使)餓死,3
statue,n.,以雕像裝飾,3
steady,adj./v./adv./n.,穩定的,3
steal,v.,剽竊,3
steam,n./v.,蒸汽,3
steep,adj.,浸漬,3
sticky,adj.,粘的,3
stiff,adj.,堅硬的,3
sting,n./v.,叮,3
stir,v./n.,騷動,3
stitch,n./v.,一針,3
stomach,n.,胃,3
stool,n.,凳子,3
stormy,adj.,暴風雨的,3
stove,n.,火爐,3
strategy,n.,戰略,3
straw,n.,稻草,3
strength,n.,力量,3
strip,n./v.,長條,3
structure,n.,結構,3
stubborn,adj.,頑固的,3
studio,n.,工作室,3
stuff,n./v.,原料,3
substance,n.,物質,3
subtract,v.,減去,3
suburb,n.,市郊住宅區,3
suck,v./n.,吸,3
suffer,v.,遭受,3
sufficient,adj.,充分的,3
suicide,n.,自殺,3
sum,n./v.,總數,3
summary,n.,摘要,3
summit,n.,頂點,3
superior,adj./n.,長者,3
surround,v.,包圍,3
survey,n./v.,縱覽,3
survivor,n.,生還者,3
suspect,v./n./adj.,被懷疑者,3
suspicion,n.,懷疑,3
swan,n.,天鵝,3
swear,v.,發誓,3
sweat,n./v.,汗,3
swell,v./n.,增大,3
swift,adj.,褐雨燕,3
sword,n.,刀,3
tablet,n.,平板,3
tag,n./v.,標籤,3
tailor,n.,裁縫,3
talent,n.,天才,3
talkative,adj.,喜歡說話的,3
tame,adj./v.,馴服的,3
tangerine,n.,柑橘,3
tank,n.,槽,3
tap,v./n.,輕打,3
tasty,adj.,好吃的,3
tease,v.,揶揄,3
technical,adj.,技術上的,3
technique,n.,技巧,3
teenage,adj.,十三歲到十九歲的,3
temper,n.,(鋼等的)硬度,3
temporary,adj.,暫時的,3
tend,v.,走向,3
tender,adj.,嫩的,3
tent,n.,帳篷,3
terrific,adj.,非常好的,3
territory,n.,領土,3
thankful,adj.,感謝的,3
theory,n.,理論,3
thirst,n.,口渴,3
thread,n./v.,線,3
threat,n.,恐嚇,3
threaten,v.,恐嚇,3
thumb,n./v.,拇指,3
tide,n.,潮,3
tight,adj./adv.,緊的,3
tighten,v.,勒緊,3
timber,n.,木材,3
tobacco,n.,煙草,3
ton,n.,噸,3
toss,v./n.,投擲,3
tough,adj.,惡棍,3
tourism,n.,觀光業,3
tourist,n.,觀光客,3
tow,n./v.,拖,3
tower,n.,塔,3
trace,n./v.,痕跡,3
trader,n.,商人,3
trail,n./v.,蹤跡,3
transport,n./v.,運輸,3
traveler,n.,旅行者,3
tray,n.,托盤,3
trend,n.,趨勢,3
tribe,n.,宗族,3
tricky,adj.,狡猾的,3
troop,n.,軍隊,3
tropical,adj.,熱帶的,3
trumpet,n.,喇叭,3
trunk,n.,樹幹,3
truthful,adj.,說真話的,3
tub,n.,桶,3
tug,n./v.,用力拉,3
tune,n./v.,歌曲,3
tunnel,n./v.,隧道,3
tutor,n./v.,家庭教師,3
twin,n.,雙胞胎中一人,3
twist,n./v.,一扭,3
underlying,v.,在下面的,3
underwear,n.,內衣,3
union,n.,聯盟,3
unique,adj./n.,獨一無二的,3
unite,v.,聯合,3
unity,n.,一致,3
urban,adj.,都市的,3
vacant,adj.,空的,3
van,n.,貨車,3
vanish,v.,消失,3
variety,n.,多樣,3
various,adj.,不同的,3
vary,v.,改變,3
vase,n.,花瓶,3
vehicle,n.,交通工具,3
verse,n.,詩,3
vest,n.,背心,3
victim,n.,受害人,3
violence,n.,猛烈,3
violent,adj.,暴力的,3
violet,adj./n.,堇菜,3
visible,adj.,看得見的,3
vision,n.,視覺,3
vitamin,n.,維生素,3
vivid,adj.,生動的,3
vocabulary,n.,詞匯(量),3
volleyball,n.,排球,3
volume,n.,冊,3
voter,n.,選民,3
wage(s),n.,工資,3
wagon,n.,四輪馬車,3
wander,v./n.,遊蕩,3
warmth,n.,溫暖,3
warn,v.,警告,3
waterfall,n.,瀑布,3
wax,n./v.,蠟,3
weaken,v.,削弱,3
wealthy,adj.,富有的,3
weapon,n.,武器,3
weave,v./n.,編法,3
web,n.,網,3
wed,v.,與...結婚,3
weed,n./v.,雜草,3
weekly,adj./adv./n.,周刊,3
weep,v.,哭,3
wheat,n.,小麥,3
whip,n./v.,鞭子,3
whistle,n./v.,口哨,3
wicked,adj.,壞的,3
widen,v.,弄寬,3
wipe,v./n.,擦拭,3
wisdom,n.,智慧,3
wrap,v./n.,外套,3
wrist,n.,手腕,3
yearly,adj./adv.,每年的,3
yell,v./n.,叫喊,3
yolk,n.,蛋黃,3
youngster,n.,小孩,3
zipper,n./v.,拉鏈,3
zone,n./v,地帶,3
abandon,v.,放棄,4
absolute,adj.,絕對的,4
absorb,v.,吸收,4
abstract,adj.,抽象的,4
academic,adj.,學院的,4
accent,n.,重音,4
acceptance,n.,接受,4
access,n./v.,通路,4
accidental,adj.,意外的,4
accompany,v.,陪伴,4
accomplish(ment),v./(n.),完成；成就,4
accountant,n.,會計人員,4
accuracy,n.,精確,4
accuse,v.,指責,4
acid,n./adj.,酸,4
acquaintance,n.,認識,4
acquire,v.,獲得,4
adapt,v.,使適應,4
addict,n./v.,使沉溺,4
adequate,adj.,適當的,4
adjust(ment),v./(n.),調節,4
admirable,adj.,可欽佩的,4
admiration,n.,贊賞,4
admission,n.,準許進入,4
adopt,v.,採用,4
agency,n.,代理機構,4
agent,n.,代理商,4
aggressive,adj.,侵略的,4
agreeable,adj.,令人愉快的,4
alcohol,n.,酒精,4
alert,adj./v./n.,警覺的,4
allowance,n.,津貼,4
alternative,adj./n.,兩者擇一,4
amateur,adj./n.,業餘愛好者,4
ambiguous,adj.,不明確的,4
ambitious,adj.,有野心的,4
amuse(ment),v./(n.),使快樂,4
analysis,n.,分析,4
analyze,v.,分析,4
ancestor,n.,祖先,4
anniversary,n.,周年紀念,4
annoy,v.,使惱怒,4
annual,adj.,年刊,4
anxiety,n.,焦慮,4
apology,n.,道歉,4
apparent,adj.,清晰可見的,4
applicant,n.,申請者,4
application,n.,應用,4
appoint(ment),v./(n.),任命,4
appreciation,n.,感激,4
appropriate,adj.,適當的,4
approval,n.,贊成,4
aquarium,n.,水族館,4
arch,n./v.,拱門,4
arise,v.,站立,4
arms,n.,武器,4
artificial,adj.,人造的,4
artistic,adj.,藝術的,4
ashamed,adj.,慚愧的,4
aspect,n.,外觀,4
aspirin,n.,阿斯匹林,4
assemble,v.,集合,4
assembly,n.,與會者,4
assign(ment),v./(n.),分配,4
assistance,n.,協助,4
associate,adj./n./v.,同伴,4
association,n.,協會,4
assurance,n.,保證,4
assure,v.,保證,4
athletic,adj.,運動的,4
atmosphere,n.,大氣,4
atom,n.,原子,4
atomic,adj.,原子的,4
attach(ment),v./(n.),附上,4
attraction,n.,吸引,4
audio,adj.,音頻的,4
authentic,adj.,可靠的,4
authority,n.,權力,4
autobiography,n.,自傳,4
autograph,n./v.,親筆,4
await,v.,等候,4
bald,adj.,禿頭的,4
ballet,n.,芭蕾舞,4
bandage,n./v.,繃帶,4
bankrupt,adj./v./n.,破產者,4
bargain,n./v.,交易,4
barrier,n.,障礙,4
basin,n.,盆,4
battery,n.,電池,4
beggar,n.,乞丐,4
behavior,n.,行為,4
bin,n.,(貯存谷物等的)容器,4
biography,n.,傳記,4
biology,n.,生物學,4
blade,n.,葉片,4
blend,v./n.,混合,4
blessing,n.,祝福,4
blink,v./n.,眨眼,4
bloom,n./v.,花,4
blossom,n./v.,花,4
boast,v./n.,吹牛,4
bond,n./v.,捆綁物,4
bounce,v./n.,跳,4
bracelet,n.,手鐲,4
breed,n./v.,種類,4
bridegroom/groom,n.,新郎,4
broke,adj.,一文不名的,4
broom,n.,掃帚,4
brutal,adj.,殘忍的,4
bulletin,n.,公告,4
burglar,n.,竊賊,4
cabinet,n.,櫥櫃,4
calculate,v.,計算,4
calculation,n.,計算,4
calorie,n.,卡路裡（熱量單位）,4
campaign,n./v.,戰役,4
candidate,n.,候選人,4
cane,n.,手杖,4
canoe,n./v.,獨木舟,4
capacity,n.,容量,4
capital(ism),n.,首都,4
capitalist,n.,資本家,4
cargo,n.,貨物,4
carrier,n.,運送者,4
carve,v.,雕刻,4
catalogue,n./v.,目錄,4
category,n.,種類,4
cease,v./n.,停止,4
celebration,n.,慶祝,4
chamber,n.,室,4
championship,n.,冠軍身份,4
characteristic,n./adj.,特性,4
charity,n.,慈悲,4
chemistry,n.,化學,4
cherish,v.,珍愛,4
chew,v./n.,咀嚼,4
choke,v./n.,窒息,4
chorus,n.,合唱隊,4
circular,adj.,圓形的,4
circulate,v.,(使)流通,4
circulation,n.,流通,4
circumstance,n.,環境,4
civilian,adj./n.,平民,4
civilization,n.,文明,4
clarify,v.,澄清,4
clash,n./v.,衝突,4
classification,n.,分類,4
classify,v.,分類,4
claw,n./v.,爪,4
cliff,n.,懸崖,4
clumsy,adj.,笨拙的,4
coarse,adj.,粗糙的,4
code,n./v.,代碼,4
collapse,n./v.,崩潰,4
colleague,n.,同事,4
combination,n.,組合,4
comedy,n.,喜劇,4
commander,n.,司令官,4
comment,n./v.,注解,4
commerce,n.,商業,4
commit,v.,委托(托付),4
communication,n.,交流,4
community,n.,社區,4
companion,n.,朋友,4
competition,n.,競爭,4
competitive,adj.,競爭的,4
competitor,n.,競爭者,4
complicate,v.,弄復雜,4
compose,v.,組成,4
composer,n.,作曲家,4
composition,n.,作文,4
concentrate,v.,濃縮,4
concentration,n.,集中,4
concept,n.,觀念,4
concerning,prep.,關於,4
concrete,adj./n./v.,凝結物,4
conductor,n.,領導者,4
conference,n.,會議,4
confess,v.,承認,4
confidence,n.,信心,4
confusion,n.,混亂,4
congratulate,v.,祝賀,4
congress,n.,國會,4
conquer,v.,克服,4
conscience,n.,良心,4
consequence,n.,結果,4
consequent,adj.,隨後發生的事情,4
conservative,adj./n.,保守的,4
consist,v.,組成,4
consistent,adj.,一致的,4
constitute,v.,構成,4
constitution,n.,構成,4
construct,v.,構造,4
construction,n.,建築,4
constructive,adj.,建設性的,4
consult,v.,商討,4
consultant,n.,顧問,4
consume,v.,消耗,4
consumer,n.,消費者,4
container,n.,容器,4
content,n./adj.,內容,4
content(ment),v./(n.),使滿足,4
contest,n./v.,競賽,4
context,n.,上下文,4
continual,adj.,持續不斷的,4
continuous,adj.,連續的,4
contrary,n./adj.,相反的,4
contrast,n./v.,差別,4
contribute,v.,有助於,4
contribution,n.,捐助,4
convenience,n.,方便,4
convention,n.,大會,4
conventional,adj.,傳統的,4
converse,v.,相反的事物,4
convey,v.,傳達,4
convince,v.,說服,4
cooperate,v.,合作,4
cooperation,n.,合作,4
cooperative,adj./n.,合作的,4
cope,v.,競爭,4
copper,n./adj.,銅,4
cord,n.,繩索,4
correspond,v.,符合,4
costume,n.,裝束,4
cottage,n.,小屋,4
council,n.,會議,4
counter,n./v./adj./adv.,計算器,4
courageous,adj.,勇敢的,4
courtesy,n.,禮貌,4
coward,n.,懦弱的人,4
crack,n./v.,裂縫,4
craft,n.,技藝,4
creation,n.,創造,4
creativity,n.,創造力,4
creep,v.,爬,4
critic,n.,批評家,4
critical,adj.,批評的,4
criticism,n.,批評,4
criticize,v.,批評,4
cruelty,n.,殘酷,4
crunchy,adj.,發嘎吱嘎吱聲的,4
crush,n./v.,壓碎,4
cube,n./v.,立方體,4
cue,n./v.,提示,4
cunning,adj./n.,狡猾的,4
curiosity,n.,好奇心,4
curl,n./v.,拳曲,4
curse,n./v.,咒罵,4
curve,n./v.,曲線,4
cushion,n./v.,墊子,4
damp,adj./n./v.,潮溼,4
deadline,n.,最後期限,4
declare,v.,宣布,4
decoration,n.,裝飾,4
defeat,n./v.,敗北,4
defend,v.,防護,4
defense,n.,防衛,4
defensible,adj.,可防衛的,4
defensive,adj.,防衛的,4
definite,adj.,明確的,4
delicate,adj.,細致優雅的,4
delight,n./v.,高興,4
delightful,adj.,令人愉快的,4
demand,n./v.,要求,4
demonstrate,v.,示範,4
demonstration,n.,示範,4
dense,adj.,密集的,4
depart,v.,離開,4
departure,n.,離開,4
dependent,adj./n.,依賴他人者,4
depression,n.,不景氣,4
deserve,v.,該得到,4
desperate,adj.,不顧一切的,4
despite,prep.,輕視,4
destruction,n.,破壞,4
detective,n./adj.,偵探,4
determination,n.,決心,4
device,n.,裝置,4
devise,v.,設計,4
devote,v.,投入於,4
dew,n.,露珠,4
diagram,n./v.,圖表,4
differ,v.,不一致,4
digest,n./v.,文摘,4
digital,adj.,數字顯示的,4
dignity,n.,尊嚴,4
diligence,n.,勤奮,4
diligent,adj.,勤勉的,4
diploma,n.,文憑,4
diplomat,n.,外交官,4
disability,n.,無力,4
disadvantage,n./v.,缺點,4
disappoint(ment),v./(n.),使失望,4
disaster,n.,災禍,4
discipline,n./v.,訓練,4
discourage(ment),v./(n.),使洩氣；勸阻,4
disguise,v./n.,假面目,4
disgust,n./v.,厭惡,4
dismiss,v.,解散,4
disorder,n./v.,雜亂,4
dispute,n./v.,爭論,4
distinct,adj.,清楚的,4
distinguish,v.,區別,4
distinguished,adj.,卓著的,4
distribute,v.,分配,4
distribution,n.,分配,4
district,n.,區域,4
disturb,v.,擾亂,4
diverse,adj.,不同的,4
diversity,n.,差異,4
divine,adj.,神的,4
divorce,n./v.,離婚,4
dodge,v./n.,避開,4
dominant,adj.,佔優勢的,4
dominate,v.,支配,4
draft,n./v.,氣流,4
dread,n./v.,恐懼,4
drift,v./n.,漂流物,4
drill,n./v.,鑽孔機,4
drowsy,adj.,昏昏欲睡的,4
durable,adj.,持久的,4
dusty,adj.,灰塵多的,4
dye,n./v.,顏料,4
dynamic,adj.,動態的,4
dynasty,n.,朝代,4
earnest,adj./n.,定金,4
earphone,n.,耳機,4
economic,adj.,經濟上的,4
economical,adj.,節儉的,4
economics,n.,經濟學,4
economist,n.,經濟學者,4
economy,n.,經濟,4
efficiency,n.,效率,4
elastic,adj./n.,松緊帶,4
electronics,n.,電子學,4
elegant,adj.,優雅的,4
elementary,adj.,初步的,4
eliminate,v.,除去,4
elsewhere,adv.,在別處,4
embarrass(ment),v./(n.),使窘迫,4
embassy,n.,大使館,4
emerge,v.,浮現,4
emphasis,n.,強調,4
empire,n.,帝國,4
enclose,v.,圍繞,4
encounter,n./v.,相會,4
endanger,v.,危及,4
endure,v.,忍受,4
enforce(ment),v./(n.),強制執行,4
engineering,n.,工程學,4
enlarge(ment),v./(n.),擴大,4
enormous,adj.,巨大的,4
ensure,v.,確定,4
entertain(ment),v./(n.),娛樂,4
enthusiasm,n.,巨大的熱情,4
equality,n.,平等,4
equip(ment),v./(n.),裝備,4
era,n.,時代,4
essential,adj./n.,要素,4
establish(ment),v./(n.),建立,4
estimate,n./v.,估計,4
ethnic,adj./n.,人種的,4
evaluate,v.,評估,4
evaluation,n.,評估,4
eventual,adj.,最後的,4
evidence,n./v.,根據,4
evident,adj.,顯然的,4
exaggerate,v.,誇大,4
exception,n.,例外,4
exhaust,n./v.,排氣,4
exhibit,n./v.,顯示,4
expand,v.,使膨脹,4
expansion,n.,擴充,4
experimental,adj.,實驗的,4
explanation,n.,解釋,4
explosion,n.,爆發,4
explosive,adj./n.,炸藥,4
expose,v.,使暴露,4
exposure,n.,暴露,4
extend,v.,擴充,4
extent,n.,範圍,4
facial,adj.,臉部的,4
facility,n.,設施；設備,4
faithful,adj.,忠實的,4
fame,n.,名望,4
fantastic,adj.,奇妙的,4
fantasy,n.,幻想,4
farewell,n.,辭別,4
fasten,v.,拴緊,4
fatal,adj.,致命的,4
favorable,adj.,有利的,4
fax,n./v.,傳真,4
feast,n./v.,宴會,4
feedback,n.,反饋,4
ferry,n./v.,渡船,4
fertile,adj.,可繁殖的,4
fetch,v./n.,取得,4
fiction,n.,小說,4
fierce,adj.,兇猛的,4
finance,n./v.,財政,4
financial,adj.,財政的,4
fireplace,n.,壁爐,4
flatter,v.,奉承,4
flea,n.,跳蚤,4
flee,v.,逃避,4
flexible,adj.,易曲的,4
fluent,adj.,流利的,4
flush,v./n.,流溢,4
foam,n./v.,泡沫,4
forbid,v.,禁止,4
forecast,n./v.,預想,4
formation,n.,形成,4
formula,n.,客套語,4
fort,n.,堡壘,4
fortunate,adj.,幸運的,4
fossil,n./adj.,化石,4
foundation,n.,基礎,4
founder,n.,創立者,4
fragile,adj.,易碎的,4
frame,n./v.,框,4
frequency,n.,頻率,4
freshman,n.,新手,4
frost,n./v.,霜,4
frown,n./v.,皺眉,4
frustrate,v.,挫敗,4
frustration,n.,挫折,4
fulfill(ment),v./(n.),履行,4
functional,adj.,功能的,4
fundamental,adj./n.,基本原理,4
funeral,n.,葬禮,4
furious,adj.,狂怒的,4
furnish,v.,供給,4
furthermore,adv.,此外,4
gallery,n.,走廊,4
gaze,n./v.,注視,4
gear,n./v.,齒輪,4
gender,n.,性,4
gene,n.,基因,4
generation,n.,一代,4
generosity,n.,慷慨,4
genius,n.,天才,4
genuine,adj.,真正的,4
germ,n.,細菌,4
gifted,adj.,有天才的,4
gigantic,adj.,巨人般的,4
giggle,n./v.,吃吃地笑,4
ginger,n.,姜,4
glimpse,n./v.,一瞥,4
globe,n.,球,4
glorious,adj.,光榮的,4
goods,n.,貨物,4
gown,n.,睡衣,4
grace,n./v.,優雅,4
graceful,adj.,優美的,4
gracious,adj.,親切的,4
graduation,n.,畢業,4
grammar,n.,語法學,4
grammatical,adj.,語法的,4
graph,n./v.,曲線圖,4
grateful,adj.,感謝的,4
gratitude,n.,感激之情,4
grave,n./adj.,墓穴,4
greasy,adj.,油膩的,4
greeting(s),n.,問候,4
grief,n.,傷心,4
grind,v./n.,磨,4
guarantee,v./n.,擔保,4
guardian,n.,看守者,4
guilt,n.,罪行,4
guilty,adj.,犯罪的,4
gulf,n.,海灣,4
habitual,adj.,習慣的,4
halt,n./v.,停止,4
handwriting,n.,筆跡,4
hardship,n.,艱難,4
hardware,n.,硬體,4
harmony,n.,協調,4
harsh,adj.,粗糙的,4
haste,n.,匆忙,4
hasten,v.,催促,4
hatred,n.,憎恨,4
hawk,n.,鷹,4
helicopter,n.,直升機,4
herd,n./v.,獸群,4
hesitation,n.,猶豫,4
hive,n.,蜂房,4
homeland,n.,本國,4
honeymoon,n./v.,蜜月,4
hook,n./v.,鉤,4
horizon,n.,地平線,4
horrify,v.,使恐懼,4
hose,n./v.,水管,4
household,n.,一家人,4
housework,n.,家事,4
humanity,n.,人性,4
humidity,n.,溼氣,4
hurricane,n.,颶風,4
hush,n./v.,肅靜,4
hydrogen,n.,氫,4
identical,adj.,同一的,4
identification,n.,識別,4
identify,v.,識別,4
idiom,n.,習語,4
idle,adj./v.,懶惰的,4
idol,n.,偶像,4
ignorance,n.,無知,4
ignorant,adj.,無知識的,4
illustrate,v.,舉例說明,4
illustration,n.,例證,4
imaginary,adj.,想像的,4
imaginative,adj.,想像的,4
imitate,v.,模仿,4
imitation,n.,模仿,4
immigrant,n.,移民,4
immigrate,v.,使移居入境,4
immigration,n.,移民,4
impact,n./v.,衝擊,4
imply,v.,暗示,4
impose,v.,徵(稅),4
impression,n.,印象,4
incident,n.,事件,4
including,prep.,包含,4
incredible,adj.,難以置信的,4
indication,n.,指示,4
infant,n.,嬰兒,4
infection,n.,傳染,4
inflation,n.,脹大,4
influential,adj.,有影響的,4
informative,adj.,提供消息的,4
ingredient,n.,成分,4
initial,adj./n./v.,字首,4
injure,v.,傷害,4
innocence,n.,無罪,4
input,n./v.,輸入,4
insert,v./n.,插入物,4
inspection,n.,檢驗,4
inspiration,n.,靈感,4
inspire,v.,使感動,4
install,v.,安裝,4
instinct,n.,本能,4
instruct,v.,教,4
instructor,n.,教員,4
insult,n./v.,侮辱,4
insurance,n.,保險,4
intellectual,adj./n.,有知識者,4
intelligence,n.,智力,4
intend,v.,計劃,4
intense,adj.,非常的,4
intensity,n.,強烈,4
intensive,adj.,加強的,4
intention,n.,意圖,4
interact,v.,互相影響,4
interaction,n.,交互作用,4
interfere,v.,妨礙,4
intermediate,adj./n./v.,中間物,4
interpret,v.,解釋,4
interruption,n.,打擾,4
intimate,adj./n.,親密的,4
intuition,n.,直覺,4
invade,v.,侵入,4
invasion,n.,侵犯,4
invention,n.,發明,4
invest(ment),v./(n.),投資,4
investigation,n.,調查,4
involve(ment),v./(n.),涉及,4
isolate,v.,使隔離,4
isolation,n.,隔絕,4
issue,n./v.,發行,4
jealousy,n.,妒忌,4
keen,adj.,鋒利的,4
kettle,n.,茶壺,4
kneel,v.,跪下,4
knob,n.,把手,4
labor,n./v.,勞動,4
laboratory/lab,n.,實驗室,4
lag,n./v.,落後,4
landmark,n.,陸標,4
landscape,n./v.,風景,4
largely,adv.,大量地,4
launch,v./n.,下水,4
lawful,adj.,法律許可的,4
lean,v./adj.,瘦肉,4
learned,adj.,有學問的,4
lecture,n./v.,演講,4
lecturer,n.,演講者,4
legend,n.,傳說,4
leisurely,adj./adv.,悠閒的,4
lengthen,v.,加長,4
liar,n.,說謊者,4
librarian,n.,圖書館員,4
license,n./v.,執照,4
lifeguard,n.,衛兵,4
limitation,n.,限制,4
linen,n.,亞麻布,4
lipstick,n.,口紅,4
liquor,n.,酒,4
literary,adj.,文學的,4
literature,n.,文學,4
loan,n./v.,貸款,4
lobster,n.,龍蝦,4
logic,n.,邏輯,4
logical,adj.,合乎邏輯的,4
loosen,v.,放松,4
lousy,adj.,汙穢的,4
loyal,adj.,忠誠的,4
loyalty,n.,忠貞,4
luxurious,adj.,豪華的,4
luxury,n.,奢侈,4
machinery,n.,機器,4
magnetic,adj.,有磁性的,4
magnificent,adj.,華麗的,4
makeup,n.,組成,4
manual,n./adj.,手冊,4
manufacture,n./v.,產品,4
manufacturer,n.,制造業者,4
marathon,n.,馬拉松,4
margin,n.,頁邊的空白,4
maturity,n.,成熟,4
maximum,adj./n.,極點,4
measurable,adj.,可測量的,4
measure(s),n.,措施,4
mechanic,n.,機械工,4
mechanical,adj.,機械的,4
memorable,adj.,值得紀念的,4
memorial,adj./n.,紀念物,4
memorize,v.,記住,4
merchant,n.,商人,4
mercy,n.,仁慈,4
mere,adj.,小湖,4
merit,n.,優點,4
messenger,n.,報信者,4
messy,adj.,散亂的,4
microscope,n.,顯微鏡,4
mild,adj.,溫和的,4
mill,n./v.,壓榨機,4
millionaire,n.,百萬富翁,4
miner,n.,礦工,4
mineral,n.,礦物,4
minimum,adj./n.,最小的,4
minister,n.,部長,4
ministry,n.,部,4
mischief,n.,損害,4
miserable,adj.,悲慘的,4
misfortune,n.,不幸,4
mislead,v.,誤導,4
misunderstand,v.,誤解,4
moderate,adj.,適度的,4
modest,adj.,謙遜的,4
modesty,n.,謙遜,4
monitor,n./v.,監督器,4
monument,n.,紀念碑,4
moreover,adv.,而且,4
motivate,v.,給與動機,4
motivation,n.,動機,4
mountainous,adj.,多山的,4
muddy,adj.,泥濘的,4
mule,n.,騾,4
multiple,adj.,倍數,4
murderer,n.,兇手,4
murmur,n./v.,低語,4
mutual,adj.,相互的,4
mysterious,adj.,神祕的,4
namely,adv.,即,4
nationality,n.,國籍,4
needy,adj.,貧窮的,4
neglect,n./v.,疏忽,4
negotiate,v.,商議,4
nevertheless,adv.,然而,4
nightmare,n.,夢魘,4
noble,adj./n.,貴族,4
nonsense,n.,無意義的事,4
nowadays,adv.,現在,4
nuclear,adj.,核子的,4
numerous,adj.,很多的,4
nursery,n.,托兒所,4
nutritious,adj.,滋養的,4
obedience,n.,服從,4
obedient,adj.,服從的,4
objection,n.,異議,4
objective,n./adj.,目的,4
observation,n.,觀察,4
obstacle,n.,障礙,4
obtain,v.,獲得,4
occasional,adj.,偶然的,4
occupation,n.,職業,4
occupy,v.,佔領,4
offend,v.,犯罪,4
offense,n.,犯罪,4
offensive,adj.,令人不快的,4
opera,n.,歌劇,4
oppose,v.,反對,4
option,n.,選擇權,4
orbit,n./v.,軌道,4
orchestra,n.,管弦樂隊,4
orientation,n.,定方位,4
orphan,n./v.,孤兒,4
otherwise,adv.,否則,4
outcome,n.,結果,4
outstanding,adj.,傑出的,4
oval,adj./n.,橢圓形,4
overcoat,n.,外套大衣,4
overcome,v.,戰勝,4
overlook,v.,俯瞰,4
overnight,adv./adj.,前一天晚上,4
overthrow,v.,推翻,4
oxygen,n.,氧,4
pace,n./v.,速度,4
panel,n.,嵌板,4
parachute,n./v.,降落傘,4
paragraph,n.,段落,4
partial,adj.,部分的,4
participation,n.,參與,4
partnership,n.,合夥,4
passive,adj.,消極的,4
pasta,n.,意大利面食,4
paw,n./v.,爪,4
peculiar,adj.,奇特的,4
peep,n./v.,一瞥,4
peer,n./v.,同等的人,4
penalty,n.,處罰,4
percent,n.,百分比,4
percentage,n.,百分比,4
perfection,n.,完美,4
perfume,n./v.,香水,4
permanent,adj.,永久的,4
persuasion,n.,說服,4
persuasive,adj.,有說服力的,4
pessimistic,adj.,悲觀的,4
pest,n.,令人討厭之物,4
phenomenon,n.,現象,4
philosopher,n.,哲學家,4
philosophical,adj.,哲學的,4
philosophy,n.,哲學,4
photography,n.,攝影,4
physical,adj.,身體的,4
physician,n.,醫師,4
physicist,n.,物理學家,4
physics,n.,物理學,4
pickle,n.,鹽滷,4
pioneer,n./v.,先鋒,4
plentiful,adj.,許多的,4
plot,n./v.,小塊土地,4
plum,n.,李子,4
plumber,n.,水管工人,4
poisonous,adj.,有毒的,4
polish,n./v.,波蘭的,4
popularity,n.,名聲,4
portable,adj.,可攜帶的,4
portray,v.,描繪,4
possess,v.,持有,4
possession,n.,擁有,4
postage,n.,郵資,4
potential,adj./n.,潛在性,4
precise,adj.,精確的,4
predict,v.,預知,4
prediction,n.,預言,4
pregnancy,n.,懷孕,4
pregnant,adj.,懷孕的,4
presentation,n.,贈與,4
preservation,n.,保存,4
preserve,v.,保護,4
prevention,n.,阻止,4
prime,adj./n.,最佳部分,4
primitive,adj.,原始人,4
priority,n.,優先權,4
privacy,n.,隱私,4
privilege,n./v.,特權,4
procedure,n.,程序,4
proceed,v.,繼續進行,4
productive,adj.,能生產的,4
profession,n.,職業,4
professional,adj./n.,專業人才,4
profitable,adj.,有利潤的,4
prominent,adj.,卓越的,4
promising,adj.,有希望的,4
promotion,n.,晉級,4
prompt,v./adj./n.,激勵,4
pronunciation,n.,發音,4
proposal,n.,提議,4
prosper,v.,繁榮,4
prosperity,n.,繁榮,4
prosperous,adj.,成功的,4
protein,n.,蛋白質,4
protest,n./v.,抗議,4
psychological,adj.,心理學的,4
psychologist,n.,心理學家,4
psychology,n.,心理學,4
publication,n.,出版物,4
publicity,n.,名聲,4
publish,v.,出版,4
publisher,n.,出版者,4
pursue,v.,追趕,4
pursuit,n.,追蹤,4
quarrel,n./v.,吵架,4
quilt,n./v.,棉被,4
quotation,n.,引用語,4
radar,n.,雷達,4
rage,n./v.,憤怒,4
rainfall,n.,降雨,4
raisin,n.,葡萄幹,4
realistic,adj.,現實的,4
rebel,n./v.,叛徒,4
recall,v./n.,回憶,4
reception,n.,接待,4
recipe,n.,食譜,4
recognition,n.,贊譽,4
recovery,n.,恢復,4
recreation,n.,娛樂,4
recycle,v.,使再循環,4
reduction,n.,減少,4
refer,v.,提交,4
reference,n.,參考,4
reflect,v.,反射,4
reflection,n.,反映,4
reform,n./v.,改革,4
refugee,n.,難民,4
refund,n./v.,償還,4
refusal,n.,拒絕,4
regarding,prep.,關於,4
register,v./n.,寄存器,4
registration,n.,登記,4
regulate,v.,管理,4
regulation,n.,規則,4
rejection,n.,拒絕,4
relaxation,n.,松弛,4
relevant,adj.,有關聯的,4
relieve,v.,減輕,4
reluctant,adj.,不情願的,4
remark,n./v.,評論,4
remarkable,adj.,不平常的,4
remedy,n./v.,藥物,4
renew,v.,使更新,4
repetition,n.,重復,4
representation,n.,表示法,4
reputation,n.,名譽,4
rescue,n./v.,援救,4
research,n./v.,研究,4
researcher,n.,研究人員,4
resemble,v.,相似,4
reservation,n.,保留,4
resign,v.,辭職,4
resignation,n.,辭職,4
resistance,n.,抵抗力,4
resolution,n.,解析,4
resolve,v./n.,決定,4
respectable,adj.,值得尊重的,4
respectful,adj.,表示尊敬的,4
restore,v.,回復,4
restriction,n.,限制,4
retain,v.,保持,4
retire(ment),v./(n.),退休,4
retreat,n./v.,休息寓所,4
reunion,n.,團圓,4
revenge,n./v.,報仇,4
revise,v.,校訂,4
revision,n.,校訂,4
revolution,n.,革命,4
revolutionary,adj./n.,革命者,4
reward,n./v.,報酬,4
rhyme,n./v.,韻,4
rhythm,n.,旋律,4
riddle,n.,謎,4
robber,n.,強盜,4
romance,n.,冒險故事,4
route,n./v.,路徑,4
ruin,v./n.,毀滅,4
rural,adj.,鄉下的,4
rusty,adj.,生鏽的,4
sacrifice,n./v.,犧牲,4
satellite,n.,人造衛星,4
satisfaction,n.,滿足,4
scarcely,adv.,簡直不,4
scenery,n.,風景,4
scold,v./n.,好罵街的人,4
scoop,n./v.,鏟子,4
scratch,n./v.,抓痕,4
sculpture,n./v.,雕刻,4
secure,v./adj.,無慮的,4
seize,v.,抓住,4
settler,n.,移民者,4
severe,adj.,嚴格的,4
sew,v.,縫紉,4
shade,n./v.,蔭,4
shady,adj.,蔭涼的,4
shameful,adj.,可恥的,4
shave,v./n.,修面,4
shelter,n./v.,庇護所,4
shift,n./v.,變化,4
sightseeing,n.,觀光,4
signature,n./adj.,籤字,4
significance,n.,重要性,4
sincerity,n.,誠實,4
singular,adj./n.,單數,4
site,n./v.,位置,4
sketch,n./v.,素描,4
skyscraper,n.,摩天樓,4
slight,adj./n./v.,輕蔑,4
slogan,n.,吶喊聲,4
socket,n.,窩,4
software,n.,軟體,4
solar,adj.,太陽的,4
spade,n.,鏟子,4
spare,adj./v./n.,剩餘,4
spark,n./v.,火花,4
spear,n./v.,矛,4
species,n.,種,4
spiritual,adj.,精神上的,4
splendid,adj.,光亮的,4
split,v./n.,劈開,4
sprinkle,v./n.,灑,4
stab,n./v.,刺,4
statistic(s),n.,統計數據,4
status,n.,狀態,4
stem,n./v.,莖,4
stereo,n.,鉛版,4
stingy,adj.,小氣的,4
stocking(s),n.,長襪,4
strengthen,v.,加強,4
stripe,n.,斑紋,4
strive,v.,努力,4
stroke,n./v.,筆劃,4
submarine,n./adj.,潛水艇,4
sue,v.,控告,4
suggestion,n.,提議,4
summarize,v.,概述,4
surgeon,n.,外科醫生,4
surgery,n.,外科,4
surrender,v./n.,交出,4
surroundings,n.,環境,4
suspicious,adj.,可疑的,4
sway,n./v.,搖擺,4
syllable,n.,音節,4
sympathetic,adj.,有同情心的,4
sympathy,n.,同情,4
systematic,adj.,有系統的,4
technician,n.,技師,4
technological,adj.,技術的,4
telegraph,n./v.,電報,4
telescope,n.,望遠鏡,4
tendency,n.,趨向,4
tense,adj./v.,緊張的,4
tension,n.,緊張,4
terror,n.,恐怖,4
theme,n.,主題,4
thorough,adj.,十分的,4
thoughtful,adj.,深思的,4
tickle,v./n.,胳肢,4
timetable,n.,時間表,4
timid,adj.,膽小的,4
tolerable,adj.,可容忍的,4
tolerance,n.,寬容,4
tolerant,adj.,寬容的,4
tolerate,v.,寬容,4
tomb,n.,墳墓,4
tortoise,n.,龜,4
torture,n./v.,拷問,4
tragedy,n.,悲劇,4
tragic,adj.,悲慘的,4
transfer,n./v.,遷移,4
transform,v.,使轉換,4
translate,v.,翻譯,4
translation,n.,翻譯,4
translator,n.,翻譯者,4
transportation,n.,運輸,4
tremble,v./n.,戰栗,4
tremendous,adj.,巨大的,4
tribal,adj.,部落的,4
triumph,n./v.,凱旋,4
troublesome,adj.,麻煩的,4
tumble,v./n.,跌倒,4
twig,n.,小枝,4
universal,adj./n.,全世界的,4
urge,n./v.,衝動,4
urgent,adj.,緊急的,4
usage,n.,用法,4
vacancy,n.,空,4
vain,adj.,無價值的,4
vast,adj.,巨大的,4
vegetarian,n.,素食者,4
vessel,n.,船,4
violate,v.,違犯,4
violation,n.,違反,4
virtue,n.,德行,4
virus,n.,病毒,4
visual,adj.,視覺的,4
vital,adj.,生命的,4
voluntary,adj.,自動的,4
volunteer,n./v.,志願者,4
voyage,n./v.,航行,4
waken,v.,喚醒,4
website,n.,網站（全球資訊網的主機站）,4
welfare,n.,福利,4
wink,n./v.,眨眼,4
wit,n.,機智,4
witch/wizard,n.,女巫/巫師,4
withdraw,v.,撤回,4
witness,n./v.,證人,4
workout,n.,試驗,4
workplace,n.,工作場所,4
wreck,n./v.,失事,4
yawn,n./v.,哈欠,4
youthful,adj.,年輕的,4
abnormal,adj.,反常的,5
abolish,v.,廢止,5
abortion,n.,流產,5
abrupt,adj.,突然的,5
absurd,adj.,荒謬的,5
abundant,adj.,豐富的,5
abuse,n./v.,濫用,5
accelerate,v.,加速,5
accessible,adj.,易接近的,5
accommodate,v.,使適應,5
accommodation,n.,膳宿,5
accord,n./v.,一致,5
accounting,n.,會計學,5
acknowledge(ment),v./(n.),承認；認可；致謝,5
acquaint,v.,使認識,5
acquisition,n.,獲得,5
activist,n.,激進主義分子,5
acute,adj.,尖銳的,5
administration,n.,行政,5
administrative,adj.,管理的,5
administrator,n.,管理人,5
adolescent,adj./n.,青春期的,5
adore,v.,崇拜,5
adverse,adj.,不利的,5
advocate,n./v.,提倡者,5
affection,n.,影響,5
agenda,n.,議程,5
aggression,n.,侵犯,5
agony,n.,極大的痛苦,5
agricultural,adj.,農業的,5
aisle,n.,走廊,5
alcoholic,adj./n.,酒鬼,5
alien,adj./n.,外國人,5
allergic,adj.,對...過敏的,5
allergy,n.,變應性,5
alliance,n.,聯盟,5
allocate,v.,分派,5
ally,n./v.,同盟者,5
alongside,prep./adv.,在旁邊,5
alter,v.,改變,5
alternate,adj./v./n.,交替的,5
amend,v.,修改,5
ample,adj.,大量的,5
analyst,n.,分析者,5
anonymous,adj.,姓氏不詳的,5
anticipate,v.,預期,5
antique,adj./n.,古董,5
applause,n.,鼓掌,5
appliance,n.,器械,5
apt,adj.,有...傾向的,5
architect,n.,建築師,5
architecture,n.,建築學,5
arena,n.,角鬥場,5
arouse,v.,喚醒,5
array,n.,排列,5
arrogant,adj.,自大的,5
articulate,v./adj.,發音清晰的,5
ass,n.,驢,5
assault,n./v.,攻擊,5
assert,v.,主張,5
assess(ment),v./(n.),評定,5
asset,n.,資產,5
assumption,n.,假定,5
astonish(ment),v./(n.),使驚訝,5
athletics,n.,體育運動,5
attendance,n.,出席,5
attic,n.,閣樓,5
attorney,n.,代理人,5
attribute,v.,屬性,5
auction,n./v.,拍賣,5
authorize,v.,授權,5
autonomy,n.,自治,5
awe,n./v.,敬畏,5
backyard,n.,後院,5
ballot,n./v.,投票,5
ban,n./v.,禁令,5
banner,n.,旗幟,5
barren,adj.,不育的,5
batch,n.,一次所烘的面包,5
behalf,n.,利益,5
belongings,n.,財產,5
beloved,adj./n.,心愛的,5
beneficial,adj.,有益的,5
betray,v.,出賣,5
beware,v.,小心,5
bias,n./v.,偏見,5
bid,n./v.,出價,5
biological,adj.,生物學的,5
bizarre,adj.,奇異的,5
blast,n./v.,一陣風,5
blur,n./v.,使模糊,5
blush,n./v.,臉紅,5
bodyguard,n.,保鏢,5
bolt,n./v.,門閂,5
bonus,n.,獎金,5
boom,n./v.,繁榮,5
boost,v./n.,推進,5
booth,n.,亭,5
boredom,n.,厭煩,5
bound,v./n.,躍,5
boundary,n.,邊界,5
boxer,n.,拳師,5
breakthrough,n.,突破,5
briefcase,n.,公事包,5
bronze,n./adj.,青銅,5
browse,v./n.,瀏覽,5
bruise,n./v.,青腫,5
bulk,n.,大小,5
bully,n./v.,欺凌弱小者,5
bureau,n.,局,5
bureaucracy,n.,官僚,5
burial,n.,埋葬,5
butcher,n./v.,屠夫,5
calcium,n.,鈣,5
canal,n.,運河,5
canvas,n./v.,帆布,5
capability,n.,能力,5
carbon,n.,碳,5
carnival,n.,嘉年華會,5
casino,n.,卡西諾賭場,5
cathedral,n.,大教堂,5
caution,n./v.,小心,5
cautious,adj.,謹慎的,5
celebrity,n.,名聲,5
cemetery,n.,墓地,5
ceremony,n.,典禮,5
certainty,n.,確定,5
certificate,n./v.,證書,5
chaos,n.,大混亂,5
chapel,n.,小教堂,5
characterize,v.,描繪...的特性,5
chef,n.,廚師,5
choir,n.,唱詩班,5
chord,n.,弦,5
chore,n.,零工,5
chronic,adj.,慢性的,5
chubby,adj.,圓胖的,5
chunk,n.,大塊,5
circuit,n.,電路,5
cite,v.,引用,5
citizenship,n.,國籍,5
civic,adj.,市的,5
clarity,n.,清楚,5
clause,n.,子句,5
cling,v.,粘緊,5
clinical,adj.,臨床的,5
cluster,n./v.,串,5
cocaine,n.,可卡因,5
coffin,n.,棺材,5
cognitive,adj.,認知的,5
coherent,adj.,互相耦合的,5
coincidence,n.,巧合,5
collaboration,n.,合作,5
collective,adj./n.,集體的,5
collector,n.,收集家,5
colonial,adj./n.,殖民的,5
columnist,n.,專欄作家,5
combat,n./v.,爭鬥,5
comedian,n.,喜劇演員,5
commentary,n.,注釋,5
commentator,n.,評論員,5
commission,n./v.,委任狀,5
commitment,n.,委托,5
commodity,n.,農產品,5
communism,n.,共產主義,5
communist,adj./n.,共產主義者,5
commute,v.,交換,5
commuter,n.,乘公共車輛上下班者,5
compact,adj./n./v.,緊湊的,5
comparable,adj.,可比較的,5
compassion,n.,同情,5
compassionate,adj.,慈悲的,5
compatible,adj.,能共處的,5
compel,v.,強迫,5
compensate,v.,償還,5
compensation,n.,補償,5
competence,n.,勝任,5
competent,adj.,能幹的,5
complexity,n.,復雜,5
compliance,n.,遵從,5
complication,n.,復雜化,5
compliment,n./v.,稱贊,5
comply,v.,順從,5
component,n./adj.,元件,5
compound,n./v./adj.,混合物,5
comprehend,v.,理解,5
comprehension,n.,理解,5
comprise,v.,包含,5
compromise,n./v.,妥協,5
compulsory,adj.,被強制的,5
conceal,v.,隱藏,5
concede,v.,承認,5
conceive,v.,構思,5
conception,n.,觀念,5
condemn,v.,判刑,5
conduct,v./n.,行為,5
confession,n.,承認,5
confidential,adj.,機密的,5
confine,v.,限制,5
conform,v.,使一致,5
confront,v.,使面對,5
confrontation,n.,對抗,5
consecutive,adj.,連續的,5
consensus,n.,合意,5
consent,n./v.,同意,5
conservation,n.,保護,5
considerate,adj.,體貼的,5
constitutional,adj./n.,憲法的,5
constraint,n.,強制,5
consultation,n.,請教,5
consumption,n.,消費,5
contagious,adj.,觸染性的,5
contaminate,v.,弄汙,5
contemplate,v.,注視,5
contemporary,adj./n.,同時代的人,5
contempt,n.,輕視,5
contend,v.,奮鬥,5
continental,adj.,大陸的,5
contractor,n.,立契約的人,5
contradiction,n.,反駁,5
controversial,adj.,爭論的,5
controversy,n.,論爭,5
conversion,n.,轉變,5
convert,v.,皈依者,5
convict,v./n.,囚犯,5
conviction,n.,定罪,5
coordinate,v./n./adj.,同等的人(或物),5
copyright,n./v.,版權,5
core,n.,核心,5
corporate,adj.,社團的,5
corporation,n.,公司,5
correlation,n.,相互關系,5
correspondent,n.,通訊記者,5
corridor,n.,走廊,5
corrupt,adj./v.,腐敗的,5
corruption,n.,腐敗,5
counsel,n./v.,商議,5
counselor,n.,顧問,5
courteous,adj.,彬彬有禮,5
coverage,n.,覆蓋的範圍,5
credibility,n.,可信用,5
creek,n.,小溪,5
cripple,v./n.,跛者,5
criterion/criteria,n.,標準,5
crucial,adj.,決定性的,5
crude,adj.,天然的,5
cruise,n./v.,巡航,5
crystal,n./adj.,水晶,5
cuisine,n.,烹調風格,5
currency,n.,貨幣,5
curriculum,n.,課程,5
custody,n.,監護,5
customs,n.,海關,5
deadly,adj./adv.,致命的,5
debris,n.,碎片,5
debut,n.,初次登臺,5
decay,n./v.,衰退,5
deceive,v.,欺騙,5
decent,adj.,有分寸的,5
declaration,n.,宣告,5
decline,n./v.,衰退,5
dedicate,v.,獻出,5
defendant,n.,被告,5
deficit,n.,赤字,5
defy,v.,藐視,5
delegate,n./v.,代表,5
delegation,n.,代表團,5
deliberate,adj./v.,深思熟慮的,5
democrat,n.,民主人士,5
denial,n.,否認,5
density,n.,密度,5
depict,v.,描述,5
deploy,v.,展開,5
depress,v.,使沮喪,5
deputy,n.,副手,5
derive,v.,得自,5
descend,v.,下降,5
descriptive,adj.,描述的,5
despair,n./v.,絕望,5
destination,n.,目的地,5
destiny,n.,命運,5
destructive,adj.,毀滅性的,5
devotion,n.,熱愛,5
diagnose,v.,診斷,5
diagnosis,n.,診斷,5
dialect,n.,方言,5
diameter,n.,直徑,5
diaper,n.,尿布,5
digestion,n.,消化力,5
dilemma,n.,困境,5
dimension,n.,尺寸,5
diminish,v.,(使)減少,5
diplomatic,adj.,外交的,5
directory,n.,目錄,5
disapprove,v.,不贊成,5
disclose,v.,揭露,5
disconnect,v.,使分離,5
discourse,n.,談話,5
discriminate,v.,區別,5
discrimination,n.,差別,5
disrupt,v.,分裂的,5
dissolve,v.,溶解,5
distinction,n.,區別,5
distinctive,adj.,有特色的,5
distract,v.,轉移,5
doctrine,n.,教條,5
document,n./v.,文件,5
documentary,n./adj.,記錄片,5
domain,n.,領域,5
dome,n./v.,圓頂,5
donate,v.,捐贈,5
donation,n.,捐贈物,5
donor,n.,捐贈人,5
doorway,n.,門口,5
dough,n.,生面團,5
dreadful,adj.,可怕的,5
driveway,n.,車道,5
drought,n.,幹旱,5
ecological,adj.,生態學的,5
ecology,n.,生態學,5
ecosystem,n.,生態系統,5
ego,n.,自我,5
elaborate,adj./v.,精細的,5
eligible,adj.,有資格當選的,5
eloquent,adj.,雄辯的,5
embrace,v./n.,擁抱,5
emission,n.,發射,5
endorse(ment),v./(n.),背書,5
enterprise,n.,企業,5
enthusiastic,adj.,狂熱的,5
entitle,v.,給...權利,5
entity,n.,實體,5
entrepreneur,n.,企業家,5
envious,adj.,嫉妒的,5
envision,v.,想象,5
epidemic,n./adj.,傳染病,5
episode,n.,插曲,5
equation,n.,相等,5
equity,n.,公平,5
equivalent,n./adj.,同等物,5
erect,v./adj.,直立的,5
errand,n.,任務,5
erupt,v.,爆發,5
escalator,n.,電動扶梯,5
essence,n.,實質,5
estate,n.,不動產,5
eternal,adj.,永恆的,5
ethic(s),n.,倫理,5
ethical,adj.,倫理的,5
evolution,n.,進化,5
evolve,v.,進展,5
exaggeration,n.,誇張,5
exceed,v.,超過,5
exceptional,adj.,例外的,5
excessive,adj.,過度的,5
exclaim,v.,大叫,5
exclude,v.,除外,5
exclusive,adj.,排外的,5
execute,v.,執行,5
execution,n.,實行,5
executive,n./adj.,執行部門,5
exile,n./v.,放逐,5
exotic,adj./n.,異國的,5
expedition,n.,遠徵,5
expertise,n.,專家意見,5
explicit,adj.,詳述的,5
exploit,v./n.,功績,5
exploration,n.,探險,5
extension,n.,延長,5
extensive,adj.,廣的,5
exterior,n./adj.,外部,5
external,adj./n.,外部,5
extinct,adj.,熄滅的,5
extraordinary,adj.,非常的,5
fabric,n.,織物,5
fabulous,adj.,傳說的,5
facilitate,v.,使容易,5
faculty,n.,才能,5
fascinate,v.,令人入神,5
fatigue,n./v.,疲乏,5
federal,adj.,聯邦的,5
fiber,n.,纖維,5
filter,n./v.,濾波器,5
fiscal,adj.,財政的,5
fleet,n.,艦隊,5
flexibility,n.,彈性,5
flip,v./n.,擲,5
fluency,n.,流暢,5
fluid,n./adj.,液體,5
forge,v.,熔爐,5
format,n./v.,開本,5
forum,n.,論壇,5
foster,adj./v.,收養的,5
foul,adj./n./v./adv.,汙穢的,5
fraction,n.,小部分,5
fragment,n./v.,碎片,5
framework,n.,結構,5
franchise,n.,公民權,5
fraud,n.,欺騙,5
freight,n./v.,船貨,5
frontier,n.,邊界,5
galaxy,n.,銀河,5
gasp,n./v.,喘氣,5
gathering,n.,聚集,5
generate,v.,產生,5
generator,n.,產生器,5
genetic,adj.,創始的,5
genetics,n.,遺傳學,5
genre,n.,類型,5
glare,n./v.,閃耀光,5
gloomy,adj.,抑沉的,5
gorgeous,adj.,華麗的,5
grant,n./v.,授予,5
graphic,adj./n.,生動的,5
gravity,n.,地心引力,5
greed,n.,貪欲,5
grieve,v.,使悲傷,5
grill,n./v.,烤架,5
grim,adj.,冷酷的,5
grip,n./v.,緊握,5
gross,adj./v./n.,總數,5
guideline,n.,指導路線,5
gut,n./v.,劇情,5
habitat,n.,棲息地,5
haul,v./n.,用力拖拉,5
hazard,n./v.,冒險,5
heir,n.,繼承人,5
hence,adv.,因此,5
herb,n.,藥草,5
heritage,n.,遺產,5
highlight,v./n.,加亮區,5
hockey,n.,冰球,5
honorable,adj.,值得尊敬的,5
horizontal,adj./n.,水平線,5
hormone,n.,荷爾蒙,5
hostage,n.,人質,5
hostile,adj.,敵人的,5
hostility,n.,敵意,5
housing,n.,遮蓋,5
howl,n./v.,嗥叫,5
hypothesis,n.,假設,5
icon,n.,畫像,5
ideology,n.,思想體系,5
idiot,n.,白痴,5
illusion,n.,幻影,5
immense,adj.,極廣大的,5
immune,adj.,免疫的,5
implement,v./n.,工具,5
implication,n.,牽連,5
impulse,n.,衝動,5
incentive,n./adj.,動機,5
incorporate,v.,合並的,5
index,n./v.,索引,5
indifferent,adj.,漠不關心的,5
indigenous,adj.,本土的,5
indispensable,adj.,不可缺少之物,5
indulge,v.,縱情於,5
inevitable,adj.,不可避免的,5
infect,v.,傳染,5
infinite,adj.,無限,5
infrastructure,n.,基礎結構,5
inherent,adj.,固有的,5
inherit,v.,繼承,5
initiate,v./adj./n.,入會,5
initiative,n./adj.,主動行動,5
inject,v.,注射,5
injection,n.,注射,5
inning,n.,一局,5
innovation,n.,改革,5
innovative,adj.,革新的,5
inquiry,n.,質詢,5
insane,adj.,患精神病的,5
insight,n.,察看,5
installation,n.,安裝,5
institute,n./v.,學會,5
institution,n.,機構,5
intact,adj.,尚未被人碰過的,5
integrate,v.,綜合,5
integration,n.,綜合,5
integrity,n.,正直,5
intensify,v.,加強,5
intent,n./adj.,意圖,5
interference,n.,衝突,5
interior,adj./n.,內部,5
interpretation,n.,解釋,5
interval,n.,間隔,5
intervention,n.,插入,5
investigator,n.,調查者,5
irony,n.,反語,5
journalism,n.,新聞業,5
journalist,n.,新聞記者,5
judicial,adj.,法庭的,5
jug,n./v.,水壺,5
jury,n.,陪審團,5
justify,v.,替...辯護,5
juvenile,adj./n.,少年,5
kidnap,v.,綁架,5
landlord,n.,房東,5
laser,n.,激光,5
lawmaker,n.,立法者,5
lawsuit,n.,訴訟,5
layer,n./v.,層,5
league,n./v.,同盟,5
legacy,n.,祖先傳下來之物,5
legendary,adj.,傳說的,5
legislation,n.,立法,5
legislative,adj.,立法機構,5
legitimate,adj./v.,合法的,5
lest,conj.,以免,5
liability,n.,責任,5
likelihood,n.,可能,5
likewise,adv.,同樣地,5
loop,n.,環,5
lounge,n./v.,閒逛,5
lump,n./v.,塊,5
mainstream,n.,主流,5
maintenance,n.,維護,5
mammal,n.,哺乳動物,5
mandate,n.,命令,5
manifest,v./adj.,載貨單,5
manipulate,v.,操縱,5
mansion,n.,大廈,5
marine,adj./n.,艦隊,5
masculine,adj./n.,陽性,5
massage,n./v.,按摩,5
massive,adj.,大而重的,5
masterpiece,n.,傑作,5
mattress,n.,床墊,5
meantime,n./adv.,間隔時間,5
mechanism,n.,機械,5
medication,n.,藥物治療,5
mentor,n.,指導者,5
merge,v.,使合並,5
metaphor,n.,隱喻,5
metropolitan,adj./n.,大都市居民,5
midst,n./prep.,中間,5
migration,n.,移民,5
milestone,n.,裡程碑,5
miniature,adj./n.,縮圖,5
minimal,adj.,最小的,5
minimize,v.,將...減到最少,5
mint,n.,薄荷,5
missionary,n./adj.,傳教士,5
moan,n./v.,呻吟,5
mock,adj./v./n.,嘲笑,5
mode,n.,模態,5
modify,v.,修正,5
molecule,n.,分子,5
monopoly,n.,壟斷,5
morality,n.,道德,5
mortality,n.,必死的命運,5
mortgage,n.,抵押,5
motive,n.,動機,5
mount,n./v.,乘騎用馬,5
mumble,v./n.,喃喃而語,5
municipal,adj.,市政的,5
muscular,adj.,強壯的,5
mustard,n.,芥末,5
myth,n.,神話,5
naive,adj.,天真的,5
narrative,n./adj.,敘述,5
nasty,adj.,汙穢的,5
negotiation,n.,談判,5
neutral,adj./n.,中立者,5
nominate,v.,提名,5
nomination,n.,提名,5
nominee,n.,被提名者,5
nonprofit,adj.,非贏利的,5
norm,n.,基準,5
noticeable,adj.,顯而易見的,5
notify,v.,通知,5
notion,n.,概念,5
nowhere,adv./pron.,無處,5
nutrient,n./adj.,營養的,5
nutrition,n.,營養,5
obligation,n.,義務,5
obscure,adj./v.,模糊的,5
observer,n.,觀察者,5
odds,n.,可能性,5
offering,n.,提供,5
olive,adj./n.,橄欖,5
operational,adj.,操作的,5
opponent,n.,對手,5
opposition,n.,反對,5
opt,v.,選擇,5
optimism,n.,樂觀主義,5
optional,adj.,可選擇的,5
orchard,n.,果園,5
organism,n.,生物,5
originality,n.,創意,5
outfit,n./v.,用具,5
outlet,n.,出口,5
output,n./v.,輸出,5
outsider,n.,外人,5
overall,adj./adv./n.,全部的,5
overhead,adv./adj./n.,經常開支,5
oversee,v.,向下看,5
overtake,v.,趕上,5
overturn,v./n.,傾覆,5
overwhelm,v.,淹沒,5
parallel,adj./n./v.,平行,5
participant,n.,參加者,5
particle,n.,顆粒,5
partly,adv.,部分地,5
passionate,adj.,熱情的,5
pastry,n.,油酥點心,5
patch,n./v.,片,5
patent,n./adj./v.,專利權,5
pathetic,adj.,悲哀的,5
patrol,n./v.,巡邏,5
patron,n.,贊助人,5
peasant,n.,農夫,5
pedal,n./v.,踏板,5
pedestrian,n./adj.,行人,5
penetrate,v.,穿透,5
pension,n./v.,養老金,5
perceive,v.,感覺,5
perception,n.,知覺,5
performer,n.,表演者,5
persist,v.,堅持,5
personnel,n.,人員,5
perspective,n./adj.,遠景,5
pessimism,n.,悲觀,5
petition,n.,請願,5
petty,adj.,瑣碎的,5
phase,n./v.,時期,5
photographic,adj.,照相的,5
pickup,n.,拾起,5
pier,n.,碼頭,5
pillar,n.,柱子,5
pipeline,n.,管道,5
pirate,n./v.,海盜,5
pitcher,n.,有把的大罐,5
placement,n.,放置,5
plea,n.,懇求,5
plead,v.,辯護,5
pledge,n./v.,諾言,5
plunge,n./v.,鑽進,5
plural,adj./n.,復數,5
poetic,adj.,詩的,5
poke,v./n.,刺,5
porch,n.,門廊,5
portfolio,n.,皮包,5
practitioner,n.,從業者,5
precaution,n.,預防,5
predator,n.,食肉動物,5
preference,n.,偏愛,5
prejudice,n./v.,偏見,5
preliminary,adj./n.,初步做法,5
premature,adj.,早產的,5
premier,adj./n.,總理,5
premise,n.,前提,5
premium,n.,額外補貼,5
prescribe,v.,規定,5
prescription,n.,處方,5
presidency,n.,總統職權,5
presidential,adj.,總統制的,5
presumably,adv.,推測上,5
presume,v.,假定,5
prevail,v.,獲勝,5
prey,n./v.,被掠食者,5
prior,adj./adv./n.,更重要的,5
proclaim,v.,宣布,5
productivity,n.,生產力,5
profile,n./v.,側面,5
profound,adj.,極深的,5
progressive,adj./n.,改革論者,5
prohibit,v.,禁止,5
projection,n.,發射,5
prolong,v.,延長,5
prone,adj.,俯伏的,5
propaganda,n.,宣傳,5
prophet,n.,預言者,5
proportion,n./v.,比例,5
prosecution,n.,執行,5
prospect,n./v.,景色,5
province,n.,省,5
provision,n.,(政府提供的)錢和設備,5
provoke,v.,激怒,5
pulse,n./v.,脈衝,5
purchase,n./v.,購買,5
pyramid,n.,角錐,5
qualify,v.,取得資格,5
quest,n.,探索,5
questionnaire,n.,調查表,5
quiver,n./v.,震動,5
quota,n.,配額,5
racism,n.,種族主義,5
rack,n./v.,架,5
radiation,n.,輻射,5
radical,adj./n.,激進分子,5
ragged,adj.,衣衫襤褸的,5
raid,n./v.,襲擊,5
rail,n.,橫杆,5
rally,n./v.,重振旗鼓,5
ranch,n./v.,大牧場,5
random,adj.,隨意,5
ratio,n.,比,5
rational,adj.,理性的,5
rattle,v./n.,使嘎嘎響,5
realism,n.,寫實主義,5
realm,n.,王國,5
rear,adj./n.,後面,5
reassure,v.,使...安心,5
rebellion,n.,謀反,5
recession,n.,後退,5
recipient,n./adj.,領受的,5
recite,v.,背誦,5
recommend,v.,推薦,5
recommendation,n.,推薦,5
recruit,v./n.,新兵,5
refuge,n.,避難所,5
regardless,adj./adv.,不管,5
regime,n.,政權,5
rehearsal,n.,預演,5
reinforce,v.,加強,5
reminder,n.,提醒的人,5
removal,n.,移動,5
render,v.,回報,5
rental,n.,租費,5
repay,v.,償還,5
republican,n./adj.,共和主義者,5
resemblance,n.,相似處,5
reservoir,n.,貯水池,5
residence,n.,住宅,5
resident,n./adj.,居民,5
residential,adj.,住宅的,5
resort,n./v.,度假勝地,5
respondent,n.,回答的,5
resume,v./n.,重新開始,5
retail,n./adj./adv./v.,零售,5
revenue,n.,收入,5
reverse,v./adj./n.,相反,5
rhetoric,n.,修辭,5
rib,n./v.,肋骨,5
ridge,n./v.,脊,5
ridiculous,adj.,荒謬的,5
rifle,n./v.,來復槍,5
rigid,adj.,堅硬的,5
rim,n./v.,邊,5
riot,n./v.,暴動,5
rip,v./n.,裂痕,5
risky,adj.,危險的,5
ritual,n./adj.,儀式,5
rival,adj./n./v.,對手,5
rod,n.,竿,5
sacred,adj.,神聖的,5
saddle,n./v.,鞍,5
saint,n./v.,聖徒,5
salmon,n./adj.,鮭魚,5
salon,n.,大會客室,5
sandal,n.,涼鞋,5
scan,n./v.,審視,5
scandal,n.,醜聞,5
scar,n./v.,疤痕,5
scenario,n.,劇本提綱,5
scent,n./v.,氣味,5
scheme,n./v.,方案,5
scope,n.,範圍,5
scramble,v./n.,攀緣,5
scrap,n./v.,碎片,5
script,n./v.,手跡,5
sector,n.,扇形,5
segment,n./v.,片段,5
seminar,n.,研究班,5
senator,n.,參議員,5
sensation,n.,感覺,5
sensitivity,n.,敏感,5
sensor,n.,傳感器,5
sentiment,n.,感情,5
sentimental,adj.,感傷的,5
sequence,n./v.,序列,5
series,n.,串聯,5
server,n.,服伺者,5
session,n.,期間,5
setting,n.,環境,5
shareholder,n.,股東,5
shatter,v.,碎片,5
shed,v./n.,車棚,5
sheer,adj./adv.,絕對的,5
sheriff,n.,郡治安官,5
shield,n./v.,盾,5
shiver,n./v.,顫抖,5
shortage,n.,不足,5
shove,v./n.,推,5
shrug,n./v.,聳肩,5
shuttle,n./v.,穿梭,5
sibling,n.,兄弟,5
siege,n.,包圍,5
skeleton,n.,骨骼,5
skull,n.,頭蓋骨,5
slam,n./v.,砰然聲,5
slap,n./v./adv.,摑,5
slavery,n.,奴隸的身分,5
slot,n./v.,水溝,5
smash,v./n.,打碎,5
smog,n.,煙霧,5
snatch,v./n.,搶奪,5
sneak,v./n.,鬼鬼祟祟做事,5
sniff,v./n.,以鼻吸氣,5
soak,v./n.,浸,5
soar,v.,高揚,5
sob,n./v.,啜泣,5
sober,adj./v.,未醉的,5
soften,v.,(使)變柔軟,5
sole,adj./n./v.,腳掌,5
solo,n./adv./adj.,獨奏,5
sophisticated,adj.,復雜的,5
sophomore,n.,(大學)二年級生,5
souvenir,n.,紀念品,5
sovereignty,n.,主權,5
sow,v.,母豬,5
spacious,adj.,廣大的,5
sparkle,v./n.,閃耀,5
specialist,n.,專門醫師,5
specialize,v.,使特殊化,5
specialty,n.,專業,5
specify,v.,詳列,5
specimen,n.,樣品,5
spectacular,adj./n.,公開展示的,5
spectator,n.,觀眾,5
spectrum,n.,光譜,5
speculate,v.,深思,5
sphere,n.,球,5
spicy,adj.,香的,5
spine,n.,背骨,5
sponge,n./v.,海綿,5
sponsor,n./v.,保證人,5
sponsorship,n.,發起,5
spouse,n.,配偶,5
squad,n.,班,5
squash,n./v.,擠壓,5
squat,adj./n./v.,蹲,5
stability,n.,安定,5
stack,n./v.,堆疊,5
stain,n./v.,汙染,5
stake,n./v.,樁,5
stall,n./v.,廄,5
stance,n.,準備擊球姿勢,5
startle,v.,驚愕,5
statistical,adj.,統計的,5
steer,v./n.,引導,5
stereotype,n./v.,鉛版,5
stew,n./v.,燉,5
stimulate,v.,刺激,5
stimulus,n.,刺激,5
stink,n./v.,臭味,5
stock,n.,樹幹,5
storage,n.,存儲器,5
straighten,v.,弄直,5
straightforward,adj.,筆直的,5
strain,n./v.,緊張,5
strand,v./n.,(繩索的)股,5
strap,n./v.,帶,5
strategic,adj.,戰略的,5
striking,adj.,醒目的,5
structural,adj.,結構的,5
stumble,v./n.,絆倒,5
sturdy,adj.,強健的,5
submit,v.,使服從,5
subsequent,adj.,後來的,5
subsidy,n.,補助金,5
substantial,adj.,重要材料(或事物),5
substitute,n./v.,代理,5
subtle,adj.,敏銳的,5
suburban,adj.,郊外的,5
successor,n.,繼承者,5
suite,n.,隨員,5
superb,adj.,極度的,5
superstition,n.,迷信,5
supervise,v.,監督,5
supervision,n.,監督,5
supervisor,n.,管理者,5
supposedly,adv.,想象上,5
supreme,adj.,至高,5
surplus,n./adj.,剩餘,5
surveillance,n.,監視,5
suspend,v.,懸,5
sustain,v.,承受,5
sustainable,adj.,足可支撐的,5
swap,v./n.,以貨易貨,5
symbolic,adj.,象徵的,5
symptom,n.,症狀,5
syndrome,n.,並發症狀,5
tackle,v.,工具,5
tactic(s),n.,策略,5
tangle,n./v.,纏結,5
tempt,v.,誘惑,5
temptation,n.,誘惑,5
terminal,n./adj.,終端機,5
terrify,v.,使恐懼,5
testify,v.,證明,5
texture,n./v.,(織物的)密度,5
theft,n.,盜竊,5
theology,n.,神學,5
theoretical,adj.,理論的,5
therapist,n.,治療學家,5
therapy,n.,治療,5
thereby,adv.,因此,5
thesis,n.,論題,5
thigh,n.,大腿,5
threshold,n.,門檻,5
thrill,n./v.,震顫,5
thriller,n.,使人激動的東西,5
thrive,v.,繁榮,5
throne,n.,王座,5
thrust,v./n.,插,5
tick,n./v.,滴答聲,5
tile,n./v.,磚瓦,5
tin,n./v.,錫,5
toll,n./v.,通行費,5
torch,n./v.,火把,5
torment,n./v.,使人痛苦的東西,5
tournament,n.,比賽,5
toxic,adj.,有毒的,5
trait,n.,特徵,5
traitor,n.,叛逆者,5
transaction,n.,交易,5
transformation,n.,變形,5
transit,n./v.,經過,5
transition,n.,轉變,5
transmission,n.,傳輸,5
transparent,adj.,透明的,5
trauma,n.,外傷,5
treaty,n.,條約,5
tribute,n.,貢物,5
trigger,n./v.,觸發器,5
trim,v./n./adj.,整齊,5
triple,adj./v./n.,三倍數,5
trivial,adj.,瑣碎的,5
trophy,n.,戰利品,5
tuition,n.,學費,5
tumor,n.,腫大,5
tuna,n.,金槍魚,5
ultimate,adj./n.,終極,5
uncover,v.,揭露,5
undergo,v.,遭受,5
undergraduate,n.,大學本科生,5
underline,v./n.,在...下面劃線,5
undermine,v.,在...下面挖,5
undertake,v.,試圖,5
undo,v.,解開,5
undoubtedly,adv.,無疑,5
unemployment,n.,失業,5
unfold,v.,展開,5
unlock,v.,開...的鎖,5
unprecedented,adj.,空前的,5
update,n./v.,更新,5
upgrade,v./n.,上坡,5
utility,n.,功用,5
utilize,v.,利用,5
vacuum,n./v.,真空,5
vague,adj.,含糊的,5
valid,adj.,有確實根據的,5
variable,n./adj.,易變的事物,5
variation,n.,變更,5
vein,n.,血管,5
vendor,n.,小販,5
venture,n./v.,冒險,5
venue,n.,犯罪地點,5
verbal,adj./n.,用言辭的,5
verdict,n.,裁決,5
version,n.,一種描述,5
versus,prep.,對...,5
vertical,adj./n.,垂直的,5
veteran,n.,老手,5
via,prep.,經由,5
viable,adj.,能養活的,5
vicious,adj.,邪惡的,5
viewer,n.,觀察者,5
viewpoint,n.,觀點,5
vinegar,n.,醋,5
virtual,adj.,實際上起作用的,5
visa,n.,籤證,5
vocal,adj./n.,嗓音的,5
volcano,n.,火山,5
vomit,n./v.,吐出,5
voucher,n.,證人,5
vow,n./v.,誓約,5
vulnerable,adj.,易受傷害的,5
warehouse,n./v.,倉庫,5
warrior,n.,戰士,5
wary,adj.,謹慎的,5
weird,adj.,怪異的,5
whatsoever,adj./pron.,無論什麼,5
wheelchair,n.,輪椅,5
whereabouts,n./adv.,下落,5
whereas,conj.,然而,5
whine,n./v.,哀叫聲,5
widespread,adj.,充分伸展的,5
wig,n.,假發,5
wilderness,n.,荒野,5
wildlife,n.,野生動植物,5
windshield,n.,擋風玻璃,5
wither,v.,使凋謝,5
witty,adj.,富於機智的,5
workshop,n.,工場,5
worship,n./v.,崇拜,5
worthwhile,adj.,值得花時間的,5
worthy,adj.,傑出人物,5
yacht,n./v.,快艇,5
yield,v./n.,生產量,5
abbreviate,v.,縮寫,6
abide,v.,停留,6
aboriginal,adj./n.,原始的,6
abound,v.,大量存在,6
abstraction,n.,抽象化,6
abundance,n.,豐富,6
academy,n.,學院,6
accessory,n./adj.,附件,6
acclaim,n./v.,喝彩,6
accordance,n.,一致,6
accordingly,adv.,相應地,6
accountable,adj.,負有責任的,6
accumulate,v.,積聚,6
accumulation,n.,積聚,6
accusation,n.,控告,6
accustom,v.,使習慣於,6
acne,n.,痤瘡,6
acre,n.,英畝,6
adaptation,n.,適應,6
addiction,n.,入迷,6
administer/administrate,v.,管理；施行,6
admiral,n.,艦隊司令,6
adolescence,n.,青春期,6
advisory,adj.,顧問的,6
aesthetic,adj.,美學的,6
affectionate,adj.,深情的,6
affiliate,n.,使緊密聯繫,6
affirm,v.,斷言,6
airtight,adj.,氣密的,6
airway,n.,空中航線,6
algebra,n.,代數學,6
alienate,v.,使疏遠,6
align,v.,排列,6
allege,v.,宣稱,6
alligator,n.,短吻鱷,6
altitude,n.,高度,6
aluminum,n.,鋁,6
ambiguity,n.,不明確,6
amid/amidst,prep.,在...之中,6
amplify,v.,增強,6
analogy,n.,相似,6
analytical,adj.,分析的,6
anchor,n./v.,錨,6
animate,v./adj.,使有生氣,6
annoyance,n.,煩惱,6
anthem,n.,聖歌,6
antibiotic,n./adj.,抗生素,6
anticipation,n.,預期,6
antonym,n.,反義詞,6
applaud,v.,拍手喝彩,6
applicable,adj.,合適的,6
apprentice,n.,學徒,6
approximate,adj./v.,大約的,6
archaeology,n.,考古學,6
archive,n.,把...存檔,6
arithmetic,n./adj.,算術,6
ascend,v.,上升,6
aspire,v.,渴望,6
assassinate,v.,暗殺,6
asthma,n.,哮喘,6
astray,adv./adj.,迷途地,6
astronaut,n.,太空旅行者,6
astronomer,n.,天文學家,6
astronomy,n.,天文學,6
attain(ment),v./(n.),達到,6
attendant,n.,隨從,6
audit,n.,審計,6
auditorium,n.,聽眾席,6
avert,v.,轉開,6
aviation,n.,航空,6
awesome,adj.,引起敬畏的,6
awhile,adv.,片刻,6
bachelor,n.,單身漢,6
backbone,n.,脊椎,6
badge,n.,徽章,6
banquet,n./v.,宴會,6
barbarian,adj./n.,野蠻人,6
bass,n./adj.,低沉的聲音,6
batter,n./v.,連續猛打（尤其指婦女）,6
beautify,v.,美化,6
beep,n./v.,短而尖的聲音,6
beforehand,adv.,預先,6
beverage,n.,飲料,6
bilateral,adj.,有兩邊的,6
blaze,n./v.,火焰,6
bleach,n./v.,漂白,6
blond/blonde,n./adj.,(頭發)亞麻色的,6
blot,v./n.,汙點,6
blunt,adj./v.,鈍的,6
bodily,adj./adv.,身體的,6
booklet,n.,小冊子,6
bosom,n.,胸部,6
boulevard,n.,林蔭大道,6
boxing,n.,拳擊,6
boycott,n./v.,聯合抵制,6
brace,n./v.,支柱,6
brassiere/bra,n.,奶罩,6
breadth,n.,寬度,6
breakdown,n.,崩潰,6
breakup,n.,分裂,6
bribe,n./v.,賄賂,6
brink,n.,邊緣,6
broaden,v.,變寬,6
brochure,n.,小冊子,6
broil,v.,烤,6
brook,n.,小溪,6
broth,n.,原汁清湯,6
brotherhood,n.,手足情誼,6
bulky,adj.,龐大的,6
bureaucrat,n.,官僚作風的人,6
bypass,n./v.,旁路,6
caffeine,n.,咖啡因,6
calculator,n.,計算者,6
calligraphy,n.,筆跡,6
cape,n.,岬,6
capsule,n.,膠囊,6
caption,n./v.,說明,6
captive,adj./n.,俘虜,6
captivity,n.,囚禁,6
cardboard,n.,薄紙板,6
cardinal,n./adj.,紅衣主教,6
carefree,adj.,無憂無慮的,6
caretaker,n.,照顧者,6
carton,n.,硬紙盒,6
cashier,n.,出納員,6
casualty,n.,意外事故,6
catastrophe,n.,大災難,6
cater,v.,提供飲食及服務,6
caterpillar,n.,毛蟲,6
cavity,n.,洞,6
celery,n.,芹菜,6
cellular,adj.,細胞的,6
Celsius,n.,攝氏的,6
cement,n./v.,水泥,6
census,n.,戶口普查,6
ceramic,adj./n.,陶瓷的,6
certify,v.,證明,6
chairperson/chair/ chairman/ chairwoman,n.,女主席,6
champagne,n.,香檳酒,6
chant,n./v.,聖歌,6
charitable,adj.,大慈大悲的,6
checkup,n.,審查,6
chemist,n.,化學家,6
chestnut,n./adj.,栗子,6
chili,n.,幹辣椒,6
chimpanzee,n.,黑猩猩,6
chirp,n./v.,喳喳聲,6
cholesterol,n.,膽固醇,6
cigar,n.,雪茄,6
civilize,v.,使開化,6
clam,n.,蛤,6
clasp,v./n.,扣子,6
clearance,n.,清除,6
climax,n./v.,高潮,6
clockwise,adv./adj.,順時針方向的,6
clone,n./v.,無性系,6
closure,n.,關閉,6
coalition,n.,結合體,6
coastline,n.,海岸線,6
collision,n.,碰撞,6
colloquial,adj.,會話的,6
comet,n.,彗星,6
commonplace,adj./n.,尋常事,6
commonwealth,n.,共和國,6
communicative,adj.,健談的,6
comparative,adj.,比較的,6
compass,n./v.,指南針,6
compile,v.,編譯,6
complement,v./n.,補足物,6
complexion,n.,膚色,6
comprehensive,adj.,廣泛的,6
compute,v.,計算,6
computerize,v.,用電腦處理,6
comrade,n.,同志,6
concession,n.,特許,6
concise,adj.,簡潔的,6
condense,v.,使濃縮,6
confederation,n.,同盟,6
congressman/ congresswoman,n.,國會女議員,6
conquest,n.,戰勝,6
conscientious,adj.,有責任心的,6
conserve,v./n.,蜜餞,6
consolation,n.,安慰,6
console,n./v.,安慰,6
consonant,n.,輔音,6
conspiracy,n.,同謀,6
contention,n.,爭論,6
contestant,n.,競爭者,6
continuity,n.,連續性,6
contradict,v.,反駁,6
convene,v.,集合,6
coral,n./adj.,珊瑚,6
corpse,n.,屍體,6
correspondence,n.,相符,6
cosmetic,adj.,化妝品,6
cosmetics,n.,裝飾品,6
counterpart,n.,副本,6
coupon,n.,息票,6
courtyard,n.,庭院,6
cowardly,adj.,怯懦的,6
cozy,adj.,舒適的,6
crackdown,n.,制裁,6
cracker,n.,餅幹,6
cram,v.,塞滿,6
cramp,n./v.,痙攣,6
crater,n./v.,火山口,6
credible,adj.,可信的,6
crocodile,n.,鱷魚,6
crossing,n.,橫越,6
crutch,n.,拐杖,6
cub,n.,幼獸,6
cucumber,n.,黃瓜,6
cultivate,v.,培養,6
cumulative,adj.,累積的,6
curb,n./v.,抑制,6
curfew,n.,晚鍾,6
curry,n.,咖哩粉,6
customary,adj.,習慣的,6
cynical,adj.,憤世嫉俗的,6
dazzle,v./n.,(使)眼花,6
deafen,v.,使聾,6
decisive,adj.,決定性的,6
dedication,n.,奉獻,6
deduct,v.,扣除,6
deem,v.,認為,6
default,n./v.,違約,6
defect,n./v.,缺點,6
defiance,n.,蔑視,6
definitive,adj.,限定詞,6
dental,adj.,牙齒的,6
deplete,v.,耗盡,6
deprive,v.,剝奪,6
descent,n.,降落,6
despise,v.,輕視,6
destined,adj.,預定的,6
detach,v.,使分離,6
detain,v.,扣留,6
detention,n.,阻止,6
deter,v.,制止,6
detergent,n.,清潔劑,6
devour,v.,吞食,6
diabetes,n.,糖尿病,6
dictate,v.,聽寫,6
dictation,n.,聽寫,6
dictator,n.,命令者,6
dictatorship,n.,獨裁者之職位,6
diesel,n.,內燃機,6
differentiate,v.,區別,6
diplomacy,n.,外交,6
directive,n.,指導的,6
disable,v.,使失去能力,6
disastrous,adj.,損失慘重的,6
disbelief,n.,不信,6
discard,v./n.,丟棄,6
discharge,n./v.,卸下,6
disciple,n.,弟子,6
disciplinary,adj.,訓練的,6
disclosure,n.,揭發,6
discomfort,n./v.,困苦,6
discreet,adj.,小心的,6
disgrace,n./v.,恥辱,6
dismay,n./v.,沮喪,6
dispensable,adj.,不是必要的,6
dispense,v.,分發,6
disposable,adj./n.,可任意處理的,6
disposal,n.,丟掉,6
dispose,v.,處理,6
dissent,n.,異議,6
distraction,n.,娛樂,6
distress,n./v.,苦惱,6
disturbance,n.,擾亂,6
diversify,v.,使多樣化,6
diversion,n.,轉移,6
divert,v.,轉移,6
dividend,n.,被除數,6
doom,n./v.,厄運,6
dormitory/dorm,n.,宿舍,6
downward,adj.,向下的,6
downward/downwards,adv.,向下的,6
doze,v./n.,打瞌睡,6
drastic,adj.,激烈的,6
draught,n.,氣流,6
dresser,n.,化妝臺,6
dressing,n.,調味品,6
dual,adj.,雙重的,6
dubious,adj.,可疑的,6
duration,n.,持續時間,6
dusk,n.,薄暮,6
dwarf,n./v.,矮子,6
dwell,v.,居住,6
dwelling,n.,住處,6
eccentric,adj./n.,怪人,6
eclipse,n./v.,日食,6
edible,adj.,食品,6
editorial,adj./n.,社論,6
electrician,n.,電學家,6
elevate,v.,舉起,6
emigrant,n.,移民,6
emigrate,v.,(使)移居,6
emigration,n.,移民,6
encyclopedia,n.,百科全書,6
endeavor,n./v.,努力,6
endowment,n.,捐助,6
endurance,n.,忍耐,6
enhance(ment),v./(n.),提高,6
enlighten(ment),v./(n.),啟發,6
enrich(ment),v./(n.),使富足,6
enroll(ment),v./(n.),註冊,6
equalize,v.,使相等,6
equate,v.,使相等,6
escort,n./v.,護送者,6
esteem,n./v.,尊敬,6
eternity,n.,永遠,6
evacuate,v.,疏散,6
evergreen,adj./n.,常綠樹,6
evoke,v.,喚起,6
examinee,n.,受試人,6
examiner,n.,檢查人,6
excel,v.,勝過,6
excerpt,n./v.,摘錄,6
excess,adj./n.,過度,6
exclusion,n.,排除,6
exempt,adj.,免稅者,6
exert,v.,發揮,6
expenditure,n.,開支,6
expiration,n.,終止,6
expire,v.,期滿,6
extract,n./v.,榨出物,6
extracurricular,adj.,課外的,6
eyelash/lash,n.,睫毛,6
eyelid,n.,眼皮,6
eyesight,n.,視力,6
fable,n.,寓言,6
faction,n.,小派系,6
Fahrenheit,n.,華氏溫度計的,6
falter,v.,支吾地說,6
familiarity,n.,熟悉,6
fascination,n.,令人著迷的事物,6
feasible,adj.,能實行的,6
feeble,adj.,微弱的,6
feminine,adj./n.,女性的,6
fertility,n.,肥沃,6
fertilizer,n.,肥料,6
fiancé/fiance,n.,未婚夫,6
fin,n.,鰭,6
finite,adj.,有限的,6
firecracker,n.,爆竹,6
fireproof,adj.,耐火的,6
fishery,n.,漁業,6
flake,n./v.,小薄片,6
flaw,n./v.,缺點,6
flourish,v./n.,繁榮,6
flunk,v./n.,失敗,6
foe,n.,仇敵,6
folklore,n.,民俗學,6
formidable,adj.,巨大的,6
formulate,v.,用公式表示,6
forsake,v.,放棄,6
forthcoming,adj.,即將來臨的,6
fortify,v.,設要塞於,6
fowl,n.,鳥,6
fracture,n./v.,破碎,6
fragrance,n.,芬芳,6
fragrant,adj.,芬香的,6
frantic,adj.,狂亂的,6
freak,n./v.,畸形人,6
freeway,n.,高速公路,6
friction,n.,摩擦,6
fume,v./n.,臭氣,6
fury,n.,憤怒,6
fuse,n./v.,保險絲,6
fuss,n./v.,大驚小怪,6
gallop,n./v.,疾馳,6
gangster,n.,流氓,6
garment,n.,衣服,6
gauge,n./v.,標準度量,6
gay,adj./n.,歡快的,6
geographical,adj.,地理學的,6
geometry,n.,幾何學,6
glacier,n.,冰川,6
glamorous,adj.,富有魅力的,6
glamour,n.,魅力,6
gleam,n./v.,光束,6
glide,v./n.,滑動,6
glitter,n./v.,燦爛,6
gloom,n./v.,憂鬱,6
goalkeeper,n.,守門員,6
goodwill,n.,友好,6
gorilla,n.,大猩猩,6
gospel,n.,福音,6
grapefruit,n.,葡萄軸,6
graze,v.,吃草,6
grease,n./v.,脂肪,6
groan,n./v.,呻吟,6
growl,n./v.,吠聲,6
grumble,v./n.,怨言,6
hacker,n.,駭客,6
hail,n./v.,冰雹,6
hamper,v.,食籃,6
handicap,n./v.,障礙,6
handicraft,n.,手工藝,6
harass(ment),v./(n.),騷擾,6
harden,v.,使變硬,6
harmonica,n.,口琴,6
harness,n./v.,馬具,6
haunt,v./n.,常到的地方,6
headphone(s),n.,耳機,6
healthful,adj.,有益健康的,6
hearty,adj.,誠懇的,6
hedge,n./v.,樹籬,6
heighten,v.,增高,6
hemisphere,n.,半球,6
heroic,adj./n.,英勇的,6
heroin,n.,海洛因,6
heterosexual,adj./n.,異性的,6
hierarchy,n.,等級制度,6
hijack,v./n.,搶劫,6
hoarse,adj.,沙啞的,6
homosexual,adj./n.,同性戀的,6
honorary,adj.,榮譽的,6
hospitable,adj.,好客的,6
hospitality,n.,款待,6
hospitalize,v.,送...進醫院治療,6
hostel,n.,青年招待所,6
hover,v./n.,盤旋,6
humiliate,v.,使丟臉,6
hunch,n./v.,肉峰,6
hurdle,n./v.,障礙,6
hybrid,adj./n.,混血兒,6
hygiene,n.,衛生保健,6
hypocrite,n.,偽君子,6
iceberg,n.,冰山,6
illuminate,v.,照明,6
imminent,adj.,即將來臨的,6
imperative,adj./n.,命令,6
imperial,adj.,帝王的,6
implicit,adj.,暗示的,6
imposing,adj.,令人難忘的,6
imprison(ment),v./(n.),監禁,6
incline,v./n.,傾斜,6
inclusive,adj.,包含的,6
incur,v.,招致,6
indifference,n.,不重視,6
indignant,adj.,憤怒的,6
induce,v.,引誘,6
industrialize,v.,使工業化,6
infectious,adj.,有傳染性的,6
infer,v.,推論出,6
inflict,v.,施以,6
inhabit,v.,居住於,6
inhabitant,n.,居民,6
injustice,n.,不公平,6
inland,adj./adv./n.,內陸的,6
innumerable,adj.,無數的,6
inquire,v.,詢問,6
insistence,n.,堅持,6
instinctive,adj.,本能的,6
intake,n.,入口,6
intellect,n.,智力,6
interpreter,n.,直譯程序,6
intersection,n.,交集,6
intervene,v.,插入,6
intimacy,n.,親密,6
intimidate,v.,威脅,6
intonation,n.,朗誦,6
intrigue,n./v.,陰謀,6
intrude,v.,闖入,6
intruder,n.,侵入者,6
invaluable,adj.,無價的,6
invariably,adv.,不變化地,6
inventory,n./v.,詳細目錄,6
ironic,adj.,冷嘲的,6
irritable,adj.,易怒的,6
irritate,v.,激怒,6
isle,n.,小島,6
itch,n./v.,癢,6
ivy,n.,常春藤,6
jade,n.,玉,6
janitor,n.,守衛,6
jasmine,n.,茉莉,6
jingle,n./v.,叮當聲,6
jockey,n./v.,賽馬騎師,6
jolly,adj./adv./v./n.,愉快的,6
joyous,adj.,快樂的,6
junction,n.,連接,6
kin,n./adj.,親戚,6
kindle,v.,點燃,6
knowledgeable,adj.,聰明的,6
lad,n.,青年,6
landlady,n.,女房東,6
landslide,n.,山崩,6
latitude,n.,緯度,6
lavish,adj.,大方的,6
layman,n.,俗人,6
layout,n.,布局,6
lease,n.,租約,6
legislator,n.,立法者,6
lengthy,adj.,冗長的,6
lesbian,adj.,女同性戀的,6
lessen,v.,減少,6
lethal,adj.,致命的,6
liable,adj.,有義務的,6
liberate,v.,解放,6
liberation,n.,釋放,6
lieutenant,n.,中尉,6
lifelong,adj.,終身的,6
lighten,v.,照亮,6
limp,n./v.,跛行,6
liner,n.,班機,6
linger,v.,逗留,6
lining,n.,襯裡,6
liter,n.,公升,6
literacy,n.,讀寫能力,6
literal,adj.,逐字的,6
literate,adj./n.,學者,6
livestock,n.,家畜,6
lizard,n.,蜥蜴,6
locker,n.,抽屜,6
lodge,n./v.,小屋,6
lofty,adj.,高的,6
logo,n.,連合活字,6
lonesome,adj.,寂寞的,6
longevity,n.,長命,6
longitude,n.,經度,6
lotion,n.,洗液,6
lottery,n.,獎券,6
lotus,n.,蓮,6
loudspeaker,n.,擴音器,6
lucrative,adj.,有利益的,6
lullaby,n.,搖籃曲,6
lunar,adj.,陰歷的,6
lure,n./v.,餌,6
lush,adj.,蒼翠繁茂的,6
madam/ma’am,n.,女士；夫人,6
magnify,v.,放大,6
maiden,adj./n.,年輕未婚女子,6
mainland,n.,大陸,6
majestic,adj.,宏偉的,6
majesty,n.,最高權威,6
manuscript,n.,手稿,6
maple,n.,楓,6
mar,v.,損毀,6
marginal,adj.,邊緣的,6
martial,adj.,戰爭的,6
marvel,n./v.,奇異事物,6
mastery,n.,徵服,6
mediate,v.,居間的,6
medieval,adj.,中古的,6
meditate,v.,想,6
meditation,n.,沉思,6
melancholy,n./adj.,憂鬱,6
mentality,n.,精神力,6
merchandise,n./v.,商品,6
mermaid,n.,美人魚,6
migrant,n./adj.,候鳥,6
mimic,v./n.,模仿的,6
mingle,v.,(使)混合,6
miraculous,adj.,奇跡的,6
miscellaneous,adj.,各種的,6
mischievous,adj.,淘氣的,6
mistress,n.,主婦,6
mobilize,v.,動員,6
modernization,n.,現代化,6
modernize,v.,現代化,6
momentum,n.,動力,6
monarch,n.,帝王,6
monetary,adj.,貨幣的,6
monotony,n.,單調,6
monstrous,adj.,巨大的,6
moody,adj.,心情不穩的,6
morale,n.,士氣,6
mortal,adj./n.,生物,6
motherhood,n.,母道,6
motto,n.,箴言,6
mound,n./v.,土墩,6
mourn,v.,哀悼,6
mournful,adj.,悲慟的,6
mow,v.,草堆,6
muse,n.,沉思,6
mustache,n.,髭,6
mute,adj./v./n.,啞子,6
nag,v./n.,老馬,6
narrate,v.,說故事,6
narrator,n.,講述者,6
nationalism,n.,民族主義,6
navigate,v.,航行,6
navigation,n.,航行,6
nearsighted,adj.,近視的,6
nickel,n./v.,鎳,6
nostril,n.,鼻孔,6
notable,adj./n.,著名人士,6
notorious,adj.,聲名狼藉的,6
nourish(ment),v./(n.),滋養,6
novice,n.,新手,6
nucleus,n.,核心,6
nude,adj./n.,裸的,6
nurture,v./n.,養育,6
oasis,n.,綠洲,6
oath,n.,誓約,6
oatmeal,n.,燕麥片,6
oblige,v.,強制,6
obsess,v.,迷住,6
obstinate,adj.,倔強的,6
occurrence,n.,發生,6
octopus,n.,章魚,6
odor,n.,氣味,6
offshore,adj.,海面的,6
offspring,n.,子孫,6
operative,adj.,動作的,6
oppress,v.,壓迫,6
oppression,n.,壓抑,6
ordeal,n.,嚴酷考驗,6
orderly,adj./n.,有秩序的,6
organizer,n.,組織者,6
orient,n./v.,東方,6
oriental,adj./n.,東方人,6
originate,v.,創始,6
ornament,n./v.,裝飾,6
orphanage,n.,孤兒院,6
orthodox,adj.,正統的,6
ounce,n.,盎司,6
outbreak,n.,爆發,6
outgoing,adj.,外出,6
outing,n.,郊遊,6
outlaw,n./v.,被剝奪法律保護的人,6
outlook,n.,觀點,6
outnumber,v.,數目超過,6
outrage,n./v.,暴行,6
outrageous,adj.,暴虐的,6
outright,adj./adv.,率直的,6
outset,n.,著手,6
outskirts,n.,近郊,6
outward,adj.,向外的,6
outward/outwards,adv.,向外地,6
overdo,v.,做得過分,6
overflow,n./v.,溢值,6
overhear,v.,無意中聽到,6
overlap,n./v.,重疊,6
overwork,n./v.,過度操勞的工作,6
oyster,n.,牡蠣,6
ozone,n.,新鮮的空氣,6
packet,n.,小包,6
paddle,n./v.,槳,6
paperback,n.,平裝本,6
paradox,n.,似非而是的論點,6
paralyze,v.,使癱瘓,6
parliament,n.,國會,6
pastime,n.,消遣,6
patriot,n.,愛國者,6
patriotic,adj.,愛國的,6
peacock,n.,孔雀,6
pebble,n.,小圓石,6
peek,n./v.,偷看,6
pending,adj.,未決定的,6
peninsula,n.,半島,6
perch,n./v.,棲木,6
peril,n./v.,危險,6
perish,v.,毀滅,6
permissible,adj.,可允許的,6
persevere,v.,堅持,6
persistence,n.,固執,6
persistent,adj.,固執的,6
petrol,n.,汽油,6
petroleum,n.,石油,6
pharmacist,n.,藥師,6
pharmacy,n.,藥房,6
pianist,n.,鋼琴家,6
pickpocket,n.,扒手,6
pilgrim,n.,旅行者,6
pimple,n.,丘疹,6
pinch,n./v.,捏,6
plague,n.,瘟疫,6
plantation,n.,種植園,6
playwright,n.,劇作家,6
plow,n./v.,犁,6
pneumonia,n.,肺炎,6
polar,adj.,兩極的,6
ponder,v.,沉思,6
pony,n.,矮種馬,6
populate,v.,使人口聚居在...中,6
porter,n.,大樓管理員,6
posture,n./v.,姿勢,6
potent,adj.,有力的,6
poultry,n.,家禽,6
preach,v.,傳道,6
precede,v.,在...之前,6
precedent,n.,先例,6
precision,n.,精密,6
predecessor,n.,前任,6
prehistoric,adj.,歷史以前的,6
premiere,n.,初次公演,6
preside,v.,統轄,6
prestige,n.,聲望,6
preventive,adj./n.,預防的,6
preview,n./v.,事先查看,6
priceless,adj.,無價的,6
privatize,v.,私有化,6
probe,n.,探索,6
procession,n.,隊伍,6
proficiency,n.,精通,6
prohibition,n.,禁令,6
propel,v.,推進,6
prose,n.,散文,6
prosecute,v.,告發,6
prospective,adj.,預期的,6
prototype,n.,原型,6
proverb,n.,諺語,6
provincial,adj./n.,外地人,6
provisional,adj.,暫時的,6
psychiatry,n.,精神病學,6
psychic,adj.,靈魂的,6
psychotherapy,n.,精神療法,6
publicize,v.,宣傳,6
puff,n./v.,一陣噴煙,6
punctual,adj.,準時的,6
purify,v.,變純淨,6
purity,n.,純淨,6
quake,v./n.,顫抖,6
qualification,n.,資格,6
radiant,adj./n.,發光的,6
radiate,v./adj.,放射,6
radioactive,adj.,放射性的,6
radish,n.,小蘿卜,6
radius,n.,半徑,6
rap,n.,輕敲,6
rash,n./adj.,輕率的,6
ratify,v.,批準,6
realization,n.,實現,6
reap,v.,收割,6
reckless,adj.,不介意的,6
reckon,v.,計算,6
reconcile,v.,使和解,6
recreational,adj.,消遣的,6
redundancy,n.,過多,6
reef,n.,暗礁,6
referee,n./v.,仲裁人,6
referendum,n.,（就重大政治或社會問題進行的）全民公決,6
refine(ment),v./(n.),精煉,6
reflective,adj.,反射的,6
refresh(ment),v./(n.),使精神振作,6
refreshment(s),n.,茶點,6
refute,v.,反駁,6
rehabilitate,v.,恢復原狀,6
rehearse,v.,預演,6
reign,n./v.,為王,6
rejoice,v.,使歡喜,6
relay,n./v.,驛馬,6
relentless,adj.,無情的,6
reliance,n.,信任,6
reliant,adj.,依賴的,6
relic,n.,遺物,6
remainder,n.,剩餘物,6
reminiscent,adj.,回憶的,6
renowned,adj.,有名的,6
reproduce,v.,繁殖,6
reptile,n./adj.,爬行動物,6
resent(ment),v./(n.),憤恨,6
reside,v.,住,6
resistant,adj.,抵抗者,6
respective,adj.,分別的,6
restoration,n.,恢復,6
restrain,v.,抑制,6
restraint,n.,抑制,6
retort,n./v.,反駁,6
retrieve,v.,取回,6
revelation,n.,揭露,6
revival,n.,復興,6
revive,v.,使蘇醒,6
revolt,n./v.,叛亂,6
revolve,v.,(使)旋轉,6
rigorous,adj.,嚴厲的,6
ripple,n./v.,漣波,6
rivalry,n.,競爭,6
roam,v./n.,漫遊,6
robust,adj.,健康的,6
rotate,v.,輻狀的,6
rotation,n.,旋轉,6
royalty,n.,皇室,6
rubbish,n.,廢物,6
rugged,adj.,高低不平的,6
ruthless,adj.,無情的,6
salute,n./v.,行禮,6
salvage,v.,海上救助,6
sanitation,n.,(環境)衛生,6
savage,adj./n./v.,未開化的,6
scenic,adj.,風景好的,6
scorn,n./v.,輕蔑,6
scrape,v./n.,刮,6
screwdriver,n.,螺絲起子,6
scroll,n./v.,卷軸,6
scrutiny,n.,細看,6
sculptor,n.,雕刻家,6
seagull/gull,n.,海鷗,6
seduce,v.,唆使,6
selective,adj.,選擇的,6
serene,adj.,寧靜的,6
sergeant,n.,警察小隊長,6
serial,adj.,分期連載作品,6
sermon,n.,說教,6
serving,n.,服務,6
setback,n.,挫折,6
shabby,adj.,衣衫襤褸的,6
sharpen,v.,使尖銳,6
shaver,n.,修面的人,6
shortcoming,n.,缺點,6
shortsighted,adj.,近視的,6
shred,n./v.,碎布條,6
shriek,n./v.,尖銳的響聲,6
shrub,n.,矮樹,6
shuffle,v.,拖著腳走,6
shutter,n./v.,百葉窗,6
simplicity,n.,單純,6
simplify,v.,單一化,6
simultaneous,adj.,同時的,6
skeptical,adj.,懷疑論的,6
skim,v./n.,撇取浮沫,6
slang,n./v.,俚語,6
slash,v./n.,猛砍,6
slaughter,n./v.,殘殺,6
slay,v.,殺害,6
sloppy,adj.,泥濘的,6
slum,n./v.,貧民窟,6
slump,n./v.,暴跌,6
sly,adj.,狡猾的,6
smuggle,v.,偷運,6
sneaker(s),n.,運動鞋,6
sneaky,adj.,鬼祟的,6
sneeze,n./v.,噴嚏,6
snore,v./n.,鼾聲,6
sociable,adj.,好交際的,6
socialism,n.,社會主義,6
socialist,n.,社會主義者,6
socialize,v.,使社會化,6
sociology,n.,社會學,6
solemn,adj.,嚴肅的,6
solidarity,n.,團結,6
solitary,adj./n.,獨居者,6
solitude,n.,孤獨,6
soothe,v.,緩和,6
sorrowful,adj.,悲傷的,6
sovereign,adj./n.,元首,6
spacecraft/spaceship,n.,太空船,6
span,n./v.,指距,6
sparrow,n.,麻雀,6
spectacle,n.,引人羨慕的東西,6
spiral,adj./n./v.,螺旋形之物,6
splendor,n.,光輝,6
spokesperson/ spokesman/ spokeswoman,n.,女發言人,6
spontaneous,adj.,自然的,6
sportsman/sportswoman,n.,運動員,6
sportsmanship,n.,運動員精神,6
spotlight,n./v.,照明燈,6
spur,v./n.,馬刺,6
stabilize,v.,使安定,6
stagger,v./n.,蹣跚,6
staple,n./v.,主要產物,6
starvation,n.,飢餓,6
statesman,n.,政治家,6
stationary,adj.,不動的,6
stationery,n.,文具,6
stature,n.,身材,6
statute,n.,法令,6
stepchild,n.,前夫(或前妻)所生子女,6
stepfather,n.,繼父,6
stepmother,n.,繼母,6
stimulation,n.,刺激,6
strait,n.,海峽,6
strangle,v.,勒死,6
stray,adj./v./n.,走失的家畜,6
stride,n./v.,大步,6
stroll,n./v.,閒逛,6
stun,v.,使昏迷,6
stutter,n./v.,口吃,6
stylish,adj.,現代風格的,6
subjective,adj./n.,主觀的,6
subordinate,adj./n./v.,屬下,6
subscribe,v.,捐獻,6
subscription,n.,捐獻,6
subsidize,v.,補助,6
succession,n.,連續,6
successive,adj.,繼承的,6
suffocate,v.,使窒息,6
suitcase,n.,手提箱,6
summon,v.,召喚,6
superficial,adj.,表面,6
superintendent,n.,監督人,6
superiority,n.,優越,6
superstitious,adj.,迷信的,6
supplement,n./v.,補充物,6
suppress,v./n.,鎮壓,6
surge,n./v.,巨湧,6
surgical,adj.,外科的,6
surname,n.,姓,6
surpass,v.,超越,6
suspense,n.,懸疑,6
suspension,n.,懸掛,6
swamp,n./v.,沼澤,6
swarm,n./v.,群,6
symbolize,v.,符號化,6
symmetry,n.,對稱,6
sympathize,v.,同情,6
symphony,n.,交響樂,6
synonym,n.,同義詞,6
synthetic,adj./n.,合成物質,6
syrup,n.,糖漿,6
tan,n./adj./v.,黃褐色,6
tedious,adj.,沉悶的,6
telecommunications,n.,電信,6
teller,n.,敘述者,6
tempo,n.,速度,6
tenant,n./v.,承租人,6
tentative,adj.,試驗,6
terrace,n./v.,階地,6
textile,n./adj.,紡織品,6
thereafter,adv.,其後,6
thermometer,n.,溫度計,6
tilt,n./v.,傾斜,6
tiptoe,n./v.,腳尖,6
tiresome,adj.,累人的,6
token,n.,表徵,6
tornado,n.,旋風,6
torrent,n.,奔流,6
trademark,n.,商標,6
transcript,n.,抄本,6
transmit,v.,傳輸,6
transplant,n./v.,使移居,6
treasury,n.,國庫,6
trek,n./v.,牛拉貨車,6
trifle,n./v.,瑣事,6
trillion,n.,大量,6
tropic,n./adj.,回歸線,6
trout,n.,鮭魚,6
trustee,n.,受托人,6
tuck,v./n.,縫褶,6
turmoil,n.,騷動,6
twilight,n.,暮光,6
twinkle,n./v.,閃爍,6
unanimous,adj.,意見一致的,6
unconditional,adj.,無條件的,6
underestimate,v./n.,低估,6
underneath,prep./adv./n./adj.,在……下面,6
underpass,n.,地道,6
underway,adv.,航行中的,6
unification,n.,統一,6
unify,v.,統一,6
unveil,v.,揭開,6
upright,adv./adj./n.,正直的,6
uprising,n.,起義,6
upward,adj.,向上的,6
upward/upwards,adv.,向上的,6
urgency,n.,緊急,6
usher,v./n.,引座員,6
utensil,n.,器皿,6
utter,adj./v.,全然的,6
vaccine,n.,牛痘苗,6
vanilla,n.,香草,6
vanity,n.,虛榮心,6
vapor,n.,汽,6
veil,n./v.,面紗,6
velvet,n./adj.,天鵝絨,6
versatile,adj.,多才多藝的,6
veterinarian/vet,n.,獸醫,6
veto,n./v.,否決權,6
vibrate,v.,振動,6
vibration,n.,振動,6
vice,n.,惡習,6
victor,n.,勝利者,6
vigor,n.,精力,6
vigorous,adj.,精力充沛的,6
villa,n.,別墅,6
villain,n.,壞人,6
vine,n.,藤本植物,6
vineyard,n.,葡萄園,6
violinist,n.,小提琴演奏者,6
virgin,n./adj.,處女,6
vitality,n.,活力,6
vocation,n.,職業,6
vocational,adj.,職業的,6
vowel,n.,元音,6
wag,v./n.,搖擺,6
walnut,n.,胡桃,6
ward,n./v.,病房,6
wardrobe,n.,衣櫥,6
warrant,n.,授權,6
warranty,n.,正當理由,6
waterproof,adj./v.,防水材料,6
weary,adj./v.,疲倦的,6
wharf,n./v.,碼頭,6
whiskey/whisky,n.,威士忌酒,6
wholesale,adj./adv./n./v.,批發,6
wholesome,adj.,有益健康的,6
widow/widower,n.,寡婦/鰥夫,6
withhold,v.,使停止,6
woe,n.,悲哀,6
woodpecker,n.,啄木鳥,6
workforce,n.,勞動力,6
wrestle,v./n.,摔跤,6
wrinkle,n./v.,皺紋,6
yearn,v.,渴望,6
yoga,n.,瑜珈,6
yogurt,n.,酸乳酪,6
zoom,v./n.,急速上升,6
